Date,Ball 1,Ball 2,Ball 3,Ball 4,Ball 5,Lucky Star 1,Lucky Star 2,DrawNumber
2025-10-17,13,35,39,44,47,3,5,1886
2025-10-14,5,8,14,16,18,3,10,1885
2025-10-10,6,7,17,20,21,1,10,1884
2025-10-07,24,39,42,43,48,5,8,1883
2025-10-03,6,12,18,25,41,2,6,1882
2025-09-30,3,8,15,17,48,2,8,1881
2025-09-26,4,17,25,28,44,5,11,1880
2025-09-23,11,13,24,29,33,2,5,1879
2025-09-19,8,10,26,32,42,9,12,1878
2025-09-16,1,9,13,35,40,5,6,1877
2025-09-12,5,10,23,31,37,3,11,1876
2025-09-09,3,13,24,39,40,2,8,1875
2025-09-05,27,30,31,41,43,5,8,1874
2025-09-02,13,30,31,32,36,1,12,1873
2025-08-29,6,9,10,13,37,1,7,1872
2025-08-26,2,14,38,42,45,10,11,1871
2025-08-22,6,9,12,30,39,4,10,1870
2025-08-19,24,31,34,41,43,6,8,1869
2025-08-15,13,30,35,36,40,2,6,1868
2025-08-12,18,28,42,46,48,3,9,1867
2025-08-08,2,12,19,34,44,6,10,1866
2025-08-05,1,3,5,42,47,5,10,1865
2025-08-01,4,16,25,29,30,2,10,1864
2025-07-29,5,6,42,44,46,4,8,1863
2025-07-25,6,7,23,32,36,11,12,1862
2025-07-22,8,15,26,33,41,9,10,1861
2025-07-18,13,19,25,42,45,2,9,1860
2025-07-15,24,38,41,45,49,1,6,1859
2025-07-11,8,23,24,45,49,2,10,1858
2025-07-08,1,8,9,18,50,1,5,1857
2025-07-04,19,29,42,45,48,5,7,1856
2025-07-01,1,17,28,32,34,7,8,1855
2025-06-27,19,27,36,45,49,7,10,1854
2025-06-24,7,16,21,23,39,7,11,1853
2025-06-20,5,8,24,37,47,3,9,1852
2025-06-17,13,22,23,44,49,3,5,1851
2025-06-13,2,28,40,43,45,3,7,1850
2025-06-10,19,36,39,40,45,5,6,1849
2025-06-06,20,21,29,30,35,2,12,1848
2025-06-03,12,15,38,47,48,5,7,1847
2025-05-30,4,7,14,33,36,1,5,1846
2025-05-27,12,30,38,40,41,4,12,1845
2025-05-23,10,29,43,46,49,7,12,1844
2025-05-20,1,8,13,29,47,5,6,1843
2025-05-16,6,9,25,37,46,6,12,1842
2025-05-13,9,19,44,47,50,2,9,1841
2025-05-09,15,18,25,29,47,5,9,1840
2025-05-06,8,23,24,47,48,4,9,1839
2025-05-02,3,5,19,21,49,1,10,1838
2025-04-29,2,9,24,30,41,1,11,1837
2025-04-25,13,22,32,39,41,1,12,1836
2025-04-22,7,28,33,37,47,9,12,1835
2025-04-18,20,27,35,39,48,3,8,1834
2025-04-15,3,31,33,38,44,6,12,1833
2025-04-11,14,28,34,46,49,3,8,1832
2025-04-08,3,14,15,48,49,1,7,1831
2025-04-04,27,39,41,45,50,5,7,1830
2025-04-01,9,24,30,46,49,4,12,1829
2025-03-28,10,21,30,42,45,1,9,1828
2025-03-25,1,3,18,33,36,2,6,1827
2025-03-21,9,17,18,21,50,5,12,1826
2025-03-18,4,9,35,46,50,8,11,1825
2025-03-14,8,10,33,35,49,2,9,1824
2025-03-11,13,36,37,42,47,7,11,1823
2025-03-07,6,10,27,32,48,3,8,1822
2025-03-04,15,20,29,35,42,2,9,1821
2025-02-28,7,16,31,43,46,5,9,1820
2025-02-25,17,22,23,24,44,6,11,1819
2025-02-21,1,3,11,20,43,2,11,1818
2025-02-18,5,14,25,26,40,5,7,1817
2025-02-14,4,14,31,36,38,3,10,1816
2025-02-11,3,21,36,41,46,1,6,1815
2025-02-07,10,23,24,29,45,8,10,1814
2025-02-04,3,4,29,39,43,5,10,1813
2025-01-31,22,30,41,44,49,2,7,1812
2025-01-28,9,37,41,42,49,1,9,1811
2025-01-24,2,11,19,30,49,3,8,1810
2025-01-21,6,8,14,27,41,4,5,1809
2025-01-17,8,15,24,35,42,6,8,1808
2025-01-14,18,20,29,41,48,5,9,1807
2025-01-10,12,27,36,37,42,6,7,1806
2025-01-07,20,33,35,41,47,4,12,1805
2025-01-03,3,19,29,35,37,1,9,1804
2024-12-31,19,24,26,28,33,8,12,1803
2024-12-27,12,22,27,33,45,4,8,1802
2024-12-24,6,10,16,23,24,11,12,1801
2024-12-20,10,14,21,33,50,6,9,1800
2024-12-17,1,3,4,21,29,2,7,1799
2024-12-13,1,15,25,42,50,4,10,1798
2024-12-10,5,24,25,29,47,5,9,1797
2024-12-06,14,25,39,44,47,6,10,1796
2024-12-03,23,25,34,46,47,6,8,1795
2024-11-29,8,17,18,29,43,5,9,1794
2024-11-26,7,11,25,31,40,9,12,1793
2024-11-22,10,11,12,29,31,8,11,1792
2024-11-19,4,13,20,28,49,7,12,1791
2024-11-15,7,8,34,39,44,2,6,1790
2024-11-12,10,11,12,22,50,1,10,1789
2024-11-08,2,33,35,42,48,1,3,1788
2024-11-05,1,8,19,37,50,6,9,1787
2024-11-01,7,33,38,44,50,2,7,1786
2024-10-29,1,2,19,30,45,10,12,1785
2024-10-25,4,17,20,25,45,8,9,1784
2024-10-22,3,13,27,30,46,1,2,1783
2024-10-18,4,15,23,30,39,1,12,1782
2024-10-15,2,15,32,36,48,3,9,1781
2024-10-11,16,23,32,46,49,4,5,1780
2024-10-08,7,14,19,34,40,6,8,1779
2024-10-04,4,8,16,17,20,1,6,1778
2024-10-01,8,22,29,41,42,9,11,1777
2024-09-27,7,20,21,27,38,5,12,1776
2024-09-24,18,20,21,36,49,3,5,1775
2024-09-20,16,25,29,34,37,3,7,1774
2024-09-17,20,30,32,41,44,1,10,1773
2024-09-13,10,15,17,31,42,4,12,1772
2024-09-10,6,29,46,47,48,2,9,1771
2024-09-06,12,14,34,41,47,3,4,1770
2024-09-03,7,9,11,16,45,2,5,1769
2024-08-30,3,24,27,33,42,4,6,1768
2024-08-27,1,8,11,42,47,4,11,1767
2024-08-23,9,15,24,47,50,8,9,1766
2024-08-20,7,10,13,18,26,3,12,1765
2024-08-16,15,17,29,45,49,1,10,1764
2024-08-13,15,16,39,40,47,1,6,1763
2024-08-09,21,23,25,33,44,4,10,1762
2024-08-06,1,18,27,41,50,2,12,1761
2024-08-02,5,7,12,33,46,3,12,1760
2024-07-30,9,25,28,37,38,2,8,1759
2024-07-26,4,19,23,35,37,4,8,1758
2024-07-23,4,8,10,16,34,4,8,1757
2024-07-19,15,22,35,44,48,6,7,1756
2024-07-16,2,32,35,36,39,7,8,1755
2024-07-12,12,18,24,25,39,8,10,1754
2024-07-09,6,15,19,28,39,7,11,1753
2024-07-05,11,13,29,31,47,1,11,1752
2024-07-02,2,7,34,35,46,6,8,1751
2024-06-28,10,16,18,22,35,1,10,1750
2024-06-25,14,16,37,45,49,5,7,1749
2024-06-21,3,4,7,11,17,3,12,1748
2024-06-18,3,11,33,34,36,1,12,1747
2024-06-14,2,13,16,24,32,1,7,1746
2024-06-11,7,15,34,45,48,7,9,1745
2024-06-07,15,16,26,30,37,5,8,1744
2024-06-04,6,7,9,14,43,3,4,1743
2024-05-31,4,7,16,33,34,7,8,1742
2024-05-28,16,18,35,36,41,6,7,1741
2024-05-24,9,12,18,22,50,1,3,1740
2024-05-21,11,13,14,34,48,7,9,1739
2024-05-17,18,31,32,41,46,1,10,1738
2024-05-14,2,8,17,28,35,7,9,1737
2024-05-10,13,28,29,44,48,4,12,1736
2024-05-07,35,36,41,42,45,6,11,1735
2024-05-03,6,9,10,30,49,3,4,1734
2024-04-30,13,22,24,33,47,1,5,1733
2024-04-26,2,20,39,40,47,4,8,1732
2024-04-23,6,9,11,32,49,2,10,1731
2024-04-19,10,20,40,44,46,1,3,1730
2024-04-16,22,29,31,39,46,3,7,1729
2024-04-12,2,3,12,16,45,2,11,1728
2024-04-09,19,23,26,27,46,2,10,1727
2024-04-05,13,18,26,35,37,8,11,1726
2024-04-02,1,23,31,36,48,5,8,1725
2024-03-29,16,17,35,36,49,1,10,1724
2024-03-26,2,13,14,26,29,5,6,1723
2024-03-22,8,11,23,32,44,9,10,1722
2024-03-19,7,16,18,20,32,1,3,1721
2024-03-15,1,4,31,34,40,4,5,1720
2024-03-12,13,19,30,38,46,4,12,1719
2024-03-08,8,11,12,16,44,4,7,1718
2024-03-05,2,15,17,23,36,3,8,1717
2024-03-01,4,7,19,20,34,2,4,1716
2024-02-27,3,4,9,12,20,5,6,1715
2024-02-23,24,27,28,30,49,1,12,1714
2024-02-20,23,31,37,42,48,3,7,1713
2024-02-16,8,13,14,24,26,1,2,1712
2024-02-13,13,17,18,20,46,4,9,1711
2024-02-09,23,24,35,37,45,9,12,1710
2024-02-06,2,7,21,28,45,5,11,1709
2024-02-02,13,20,23,27,42,5,9,1708
2024-01-30,5,10,19,27,30,5,6,1707
2024-01-26,8,19,32,41,42,9,12,1706
2024-01-23,14,23,39,48,50,3,12,1705
2024-01-19,27,28,44,48,50,7,12,1704
2024-01-16,10,18,21,33,45,8,12,1703
2024-01-12,16,17,18,45,49,9,12,1702
2024-01-09,2,9,12,39,40,1,3,1701
2024-01-05,4,7,18,39,50,3,8,1700
2024-01-02,7,15,18,46,49,10,12,1699
2023-12-29,2,3,19,36,37,6,9,1698
2023-12-26,8,27,30,35,47,9,10,1697
2023-12-22,6,14,34,44,49,4,12,1696
2023-12-19,10,20,41,43,45,2,12,1695
2023-12-15,2,13,37,38,48,5,9,1694
2023-12-12,6,28,37,39,43,9,12,1693
2023-12-08,17,30,42,48,50,4,8,1692
2023-12-05,4,6,20,24,25,5,9,1691
2023-12-01,4,10,14,38,50,9,12,1690
2023-11-28,12,16,27,33,44,7,8,1689
2023-11-24,15,20,29,39,48,1,7,1688
2023-11-21,19,29,34,46,47,2,3,1687
2023-11-17,2,24,26,46,50,2,7,1686
2023-11-14,13,16,36,44,50,3,5,1685
2023-11-10,10,21,30,38,42,2,12,1684
2023-11-07,8,10,11,30,39,4,10,1683
2023-11-03,8,21,31,39,47,5,9,1682
2023-10-31,5,7,20,40,50,2,10,1681
2023-10-27,29,33,35,48,49,3,8,1680
2023-10-24,8,16,18,31,34,6,9,1679
2023-10-20,2,20,28,40,45,1,5,1678
2023-10-17,10,17,20,35,40,3,4,1677
2023-10-13,21,26,28,40,41,2,4,1676
2023-10-10,18,20,22,33,43,3,9,1675
2023-10-06,21,29,31,34,43,2,9,1674
2023-10-03,6,20,22,24,45,4,5,1673
2023-09-29,9,11,13,21,32,2,7,1672
2023-09-26,2,6,14,19,23,5,7,1671
2023-09-22,3,23,24,34,35,5,8,1670
2023-09-19,10,15,31,41,42,2,5,1669
2023-09-15,12,14,21,45,48,8,11,1668
2023-09-12,5,14,36,40,42,2,11,1667
2023-09-08,10,20,21,26,33,3,4,1666
2023-09-05,1,7,24,41,48,10,12,1665
2023-09-01,4,5,35,37,43,5,6,1664
2023-08-29,21,23,32,40,49,8,11,1663
2023-08-25,16,17,34,35,44,5,10,1662
2023-08-22,2,9,23,32,40,6,7,1661
2023-08-18,23,25,30,44,47,9,12,1660
2023-08-15,3,5,9,32,43,6,10,1659
2023-08-11,4,6,10,13,34,3,5,1658
2023-08-08,8,9,33,35,40,3,6,1657
2023-08-04,15,20,31,44,48,1,3,1656
2023-08-01,25,27,35,40,45,7,11,1655
2023-07-28,7,32,33,34,38,6,9,1654
2023-07-25,5,7,11,27,37,6,12,1653
2023-07-21,7,31,33,35,36,7,10,1652
2023-07-18,4,12,34,35,45,1,9,1651
2023-07-14,5,8,29,35,48,5,6,1650
2023-07-11,2,11,28,42,48,4,9,1649
2023-07-07,2,11,12,19,38,4,8,1648
2023-07-04,14,17,23,36,44,2,8,1647
2023-06-30,1,6,25,29,36,7,10,1646
2023-06-27,17,22,23,27,44,1,7,1645
2023-06-23,1,3,11,33,46,10,11,1644
2023-06-20,11,17,28,32,35,5,6,1643
2023-06-16,7,26,34,41,44,9,11,1642
2023-06-13,15,16,21,41,50,5,6,1641
2023-06-09,18,26,36,41,50,11,12,1640
2023-06-06,13,21,32,39,50,2,10,1639
2023-06-02,3,12,15,25,43,10,11,1638
2023-05-30,27,29,32,33,47,2,8,1637
2023-05-26,15,25,37,38,41,1,7,1636
2023-05-23,5,6,14,23,34,2,11,1635
2023-05-19,18,27,34,41,49,3,9,1634
2023-05-16,4,6,9,14,37,4,11,1633
2023-05-12,9,10,13,39,44,4,6,1632
2023-05-09,13,17,21,28,46,7,9,1631
2023-05-05,3,8,18,34,49,3,7,1630
2023-05-02,7,32,44,47,48,7,8,1629
2023-04-28,11,13,16,23,34,1,10,1628
2023-04-25,10,29,30,40,45,1,12,1627
2023-04-21,7,8,18,33,42,2,8,1626
2023-04-18,17,21,23,35,37,10,11,1625
2023-04-14,4,11,37,44,49,6,7,1624
2023-04-11,10,14,16,19,29,2,10,1623
2023-04-07,5,26,28,36,46,6,12,1622
2023-04-04,10,16,31,33,50,3,8,1621
2023-03-31,16,18,28,34,47,5,10,1620
2023-03-28,16,21,34,36,44,9,10,1619
2023-03-24,5,12,25,36,46,6,10,1618
2023-03-21,1,9,20,29,32,2,3,1617
2023-03-17,5,15,26,37,49,8,11,1616
2023-03-14,16,26,28,31,46,11,12,1615
2023-03-10,9,16,37,38,48,2,7,1614
2023-03-07,11,13,24,35,50,6,11,1613
2023-03-03,3,6,8,24,50,10,11,1612
2023-02-28,12,29,33,37,47,5,10,1611
2023-02-24,7,23,34,42,48,1,3,1610
2023-02-21,21,22,34,41,49,2,7,1609
2023-02-17,8,23,27,42,45,1,9,1608
2023-02-14,24,26,38,43,46,2,3,1607
2023-02-10,3,13,25,36,47,3,8,1606
2023-02-07,2,8,34,44,47,3,9,1605
2023-02-03,2,14,17,32,45,3,10,1604
2023-01-31,7,12,19,33,43,3,7,1603
2023-01-27,8,9,15,19,31,10,12,1602
2023-01-24,11,27,41,43,47,7,11,1601
2023-01-20,3,6,13,40,42,7,11,1600
2023-01-17,18,21,30,46,50,2,6,1599
2023-01-13,4,13,25,33,37,5,10,1598
2023-01-10,11,13,34,40,42,3,10,1597
2023-01-06,16,31,35,44,45,4,12,1596
2023-01-03,20,21,29,45,46,3,10,1595
2022-12-30,17,34,42,47,48,1,9,1594
2022-12-27,19,31,33,34,43,3,5,1593
2022-12-23,16,17,23,26,35,5,11,1592
2022-12-20,1,11,17,20,27,4,5,1591
2022-12-16,2,15,19,35,44,2,7,1590
2022-12-13,3,9,12,26,30,10,11,1589
2022-12-09,8,27,31,46,50,1,3,1588
2022-12-06,12,20,25,26,27,8,12,1587
2022-12-02,12,21,35,39,45,6,11,1586
2022-11-29,15,20,24,35,38,8,12,1585
2022-11-25,19,21,35,37,39,2,6,1584
2022-11-22,21,22,24,29,42,3,11,1583
2022-11-18,13,16,19,35,41,1,11,1582
2022-11-15,13,21,24,31,33,1,12,1581
2022-11-11,2,19,24,25,44,2,10,1580
2022-11-08,3,5,32,33,50,1,8,1579
2022-11-04,2,11,37,45,47,2,3,1578
2022-11-01,19,37,42,47,48,1,6,1577
2022-10-28,14,16,21,28,35,1,11,1576
2022-10-25,7,24,34,39,46,1,6,1575
2022-10-21,25,26,28,38,40,1,6,1574
2022-10-18,3,5,13,42,48,1,6,1573
2022-10-14,24,28,29,34,48,3,7,1572
2022-10-11,8,23,32,35,40,1,8,1571
2022-10-07,26,27,42,45,50,1,12,1570
2022-10-04,3,18,28,42,43,3,12,1569
2022-09-30,1,2,11,16,26,3,12,1568
2022-09-27,4,20,21,34,44,1,3,1567
2022-09-23,14,15,22,35,48,3,8,1566
2022-09-20,11,21,23,32,48,3,12,1565
2022-09-16,10,27,36,45,49,3,4,1564
2022-09-13,9,12,15,40,47,1,11,1563
2022-09-09,17,23,24,26,27,4,9,1562
2022-09-06,7,10,22,29,44,4,5,1561
2022-09-02,7,12,13,20,45,3,12,1560
2022-08-30,4,6,10,15,19,1,4,1559
2022-08-26,22,23,25,38,44,11,12,1558
2022-08-23,19,26,31,39,48,2,3,1557
2022-08-19,2,9,13,19,38,2,6,1556
2022-08-16,10,14,25,32,39,7,8,1555
2022-08-12,14,17,34,35,42,6,10,1554
2022-08-09,18,19,21,27,47,5,11,1553
2022-08-05,3,29,33,35,44,8,10,1552
2022-08-02,7,18,28,40,48,8,11,1551
2022-07-29,3,23,38,43,48,3,8,1550
2022-07-26,3,5,17,25,27,1,9,1549
2022-07-22,16,18,29,32,50,4,11,1548
2022-07-19,6,23,27,40,41,2,12,1547
2022-07-15,9,17,29,38,39,7,10,1546
2022-07-12,14,18,24,25,50,6,11,1545
2022-07-08,28,31,35,43,46,4,7,1544
2022-07-05,7,10,25,45,48,3,6,1543
2022-07-01,6,18,24,34,46,3,12,1542
2022-06-28,10,35,42,47,48,2,11,1541
2022-06-24,10,17,28,44,50,8,12,1540
2022-06-21,6,23,36,39,47,8,10,1539
2022-06-17,19,21,22,31,38,7,11,1538
2022-06-14,2,7,27,34,40,3,11,1537
2022-06-10,17,26,36,37,40,9,12,1536
2022-06-07,6,16,17,25,31,2,6,1535
2022-06-03,12,28,29,34,48,9,11,1534
2022-05-31,3,10,13,42,49,3,9,1533
2022-05-27,15,23,28,34,48,3,5,1532
2022-05-24,10,13,27,36,37,2,10,1531
2022-05-20,8,22,23,32,50,3,9,1530
2022-05-17,5,28,30,48,49,5,11,1529
2022-05-13,3,11,17,45,48,4,8,1528
2022-05-10,3,25,27,28,29,4,9,1527
2022-05-06,3,8,18,24,40,3,11,1526
2022-05-03,8,20,26,47,48,3,8,1525
2022-04-29,10,11,20,36,37,3,7,1524
2022-04-26,4,25,28,34,45,8,11,1523
2022-04-22,6,11,21,35,36,1,9,1522
2022-04-19,2,12,17,28,46,6,10,1521
2022-04-15,6,24,30,32,48,5,6,1520
2022-04-12,21,30,31,35,47,2,10,1519
2022-04-08,1,15,16,38,45,4,11,1518
2022-04-05,1,11,13,24,49,5,6,1517
2022-04-01,2,7,21,31,45,4,10,1516
2022-03-29,8,11,33,42,43,6,11,1515
2022-03-25,6,10,24,27,29,5,12,1514
2022-03-22,7,17,21,29,40,8,11,1513
2022-03-18,1,9,14,17,43,6,12,1512
2022-03-15,1,2,12,19,26,2,8,1511
2022-03-11,12,19,22,23,48,2,6,1510
2022-03-08,12,18,21,25,31,2,9,1509
2022-03-04,6,20,40,42,43,10,12,1508
2022-03-01,8,24,26,39,42,3,5,1507
2022-02-25,10,13,24,30,42,1,5,1506
2022-02-22,5,9,14,26,32,3,7,1505
2022-02-18,25,38,41,43,50,6,10,1504
2022-02-15,9,20,31,33,44,2,12,1503
2022-02-11,13,18,38,42,45,7,11,1502
2022-02-08,6,20,34,37,43,7,10,1501
2022-02-04,3,25,38,43,49,3,7,1500
2022-02-01,1,19,36,38,49,6,9,1499
2022-01-28,10,25,29,34,45,9,10,1498
2022-01-25,6,16,18,39,47,2,4,1497
2022-01-21,5,14,35,36,39,7,12,1496
2022-01-18,3,12,19,24,30,2,5,1495
2022-01-14,6,17,25,31,46,9,12,1494
2022-01-11,4,23,32,33,44,9,12,1493
2022-01-07,2,14,37,44,50,7,11,1492
2022-01-04,18,28,35,36,41,6,11,1491
2021-12-31,7,22,25,43,49,6,7,1490
2021-12-28,4,6,15,17,29,9,12,1489
2021-12-24,2,26,28,34,41,5,10,1488
2021-12-21,12,17,21,34,38,2,3,1487
2021-12-17,1,2,15,30,35,2,7,1486
2021-12-14,19,21,37,47,48,3,6,1485
2021-12-10,11,21,33,38,42,2,8,1484
2021-12-07,22,31,38,46,47,7,11,1483
2021-12-03,21,22,29,32,46,9,10,1482
2021-11-30,19,20,26,33,43,1,4,1481
2021-11-26,1,20,41,42,50,3,7,1480
2021-11-23,17,21,36,42,46,7,10,1479
2021-11-19,22,26,38,47,50,2,6,1478
2021-11-16,9,19,21,32,36,3,4,1477
2021-11-12,2,9,15,47,50,6,9,1476
2021-11-09,17,25,26,33,36,1,8,1475
2021-11-05,2,12,25,30,41,8,11,1474
2021-11-02,2,3,17,29,43,1,4,1473
2021-10-29,10,15,28,32,49,3,9,1472
2021-10-26,12,15,20,42,44,1,2,1471
2021-10-22,12,17,22,33,39,2,12,1470
2021-10-19,4,20,36,40,41,1,6,1469
2021-10-15,21,26,31,34,49,2,5,1468
2021-10-12,6,13,22,45,49,10,11,1467
2021-10-08,1,10,23,42,46,3,5,1466
2021-10-05,11,13,14,36,45,7,9,1465
2021-10-01,1,15,19,26,48,6,12,1464
2021-09-28,6,7,12,33,39,1,7,1463
2021-09-24,2,12,20,27,41,10,12,1462
2021-09-21,20,25,26,30,38,2,8,1461
2021-09-17,5,7,8,10,34,1,9,1460
2021-09-14,12,18,35,38,45,2,8,1459
2021-09-10,1,6,7,18,28,2,8,1458
2021-09-07,7,19,35,42,43,7,9,1457
2021-09-03,5,7,13,29,35,3,7,1456
2021-08-31,5,13,17,32,43,2,10,1455
2021-08-27,2,3,31,46,50,8,12,1454
2021-08-24,19,21,36,44,50,3,10,1453
2021-08-20,3,9,19,20,23,9,11,1452
2021-08-17,12,31,41,42,47,4,6,1451
2021-08-13,6,12,44,47,49,8,12,1450
2021-08-10,9,37,47,48,49,2,7,1449
2021-08-06,7,14,21,26,32,4,12,1448
2021-08-03,17,21,23,45,46,7,11,1447
2021-07-30,10,23,33,35,37,5,10,1446
2021-07-27,5,9,19,21,25,10,12,1445
2021-07-23,23,24,26,34,50,2,4,1444
2021-07-20,3,12,19,41,48,6,9,1443
2021-07-16,5,16,42,47,49,3,11,1442
2021-07-13,5,6,8,11,22,3,4,1441
2021-07-09,6,19,36,37,49,4,11,1440
2021-07-06,2,5,21,27,42,9,11,1439
2021-07-02,9,14,29,38,49,7,10,1438
2021-06-29,6,12,20,24,48,5,6,1437
2021-06-25,1,29,30,33,36,3,12,1436
2021-06-22,6,24,26,27,41,3,8,1435
2021-06-18,11,20,27,30,41,3,5,1434
2021-06-15,11,21,26,30,31,2,3,1433
2021-06-11,9,17,21,33,39,7,11,1432
2021-06-08,2,11,26,36,47,7,9,1431
2021-06-04,7,20,36,40,46,2,4,1430
2021-06-01,3,10,26,35,44,6,7,1429
2021-05-28,11,13,16,34,40,1,12,1428
2021-05-25,1,21,26,30,38,2,8,1427
2021-05-21,2,9,13,15,35,3,10,1426
2021-05-18,5,13,38,39,40,4,12,1425
2021-05-14,6,16,18,29,38,6,11,1424
2021-05-11,14,25,34,43,46,5,6,1423
2021-05-07,14,22,33,38,47,8,9,1422
2021-05-04,3,10,13,28,46,4,11,1421
2021-04-30,1,16,24,28,46,2,11,1420
2021-04-27,13,14,24,35,49,1,10,1419
2021-04-23,3,14,15,19,29,2,8,1418
2021-04-20,5,17,28,41,46,10,11,1417
2021-04-16,6,11,29,40,48,5,9,1416
2021-04-13,16,20,31,47,50,2,8,1415
2021-04-09,2,8,32,35,44,8,11,1414
2021-04-06,2,21,37,38,50,7,8,1413
2021-04-02,4,21,34,40,47,2,5,1412
2021-03-30,24,27,28,29,42,4,8,1411
2021-03-26,10,12,37,49,50,3,8,1410
2021-03-23,2,26,29,36,49,3,9,1409
2021-03-19,3,9,35,43,44,1,10,1408
2021-03-16,23,25,32,35,47,2,6,1407
2021-03-12,4,6,9,11,44,10,11,1406
2021-03-09,1,16,21,32,33,11,12,1405
2021-03-05,4,5,39,46,48,7,10,1404
2021-03-02,2,19,24,26,49,6,7,1403
2021-02-26,6,12,22,29,33,6,11,1402
2021-02-23,9,18,30,39,45,1,3,1401
2021-02-19,4,12,25,46,48,7,12,1400
2021-02-16,5,9,25,29,30,6,7,1399
2021-02-12,7,23,30,32,36,8,12,1398
2021-02-09,5,10,24,31,37,9,10,1397
2021-02-05,12,19,37,44,45,2,6,1396
2021-02-02,18,20,35,38,48,9,12,1395
2021-01-29,1,5,27,36,42,1,6,1394
2021-01-26,5,7,25,37,40,2,8,1393
2021-01-22,8,16,42,44,47,6,7,1392
2021-01-19,25,27,31,35,43,5,6,1391
2021-01-15,4,10,27,38,40,3,11,1390
2021-01-12,2,10,18,34,35,6,9,1389
2021-01-08,18,23,37,41,42,4,6,1388
2021-01-05,12,34,37,38,42,1,3,1387
2021-01-01,16,28,32,44,48,1,9,1386
2020-12-29,7,32,39,40,45,3,8,1385
2020-12-25,16,21,27,30,32,3,5,1384
2020-12-22,2,10,16,42,50,4,11,1383
2020-12-18,2,3,13,17,21,7,8,1382
2020-12-15,9,13,21,29,35,1,2,1381
2020-12-11,6,9,13,24,41,3,12,1380
2020-12-08,1,4,21,24,46,2,12,1379
2020-12-04,14,20,27,34,38,1,11,1378
2020-12-01,14,20,29,47,49,4,12,1377
2020-11-27,2,5,8,14,16,8,9,1376
2020-11-24,25,33,38,42,50,8,12,1375
2020-11-20,28,29,39,48,50,5,7,1374
2020-11-17,16,19,25,30,44,2,6,1373
2020-11-13,1,5,17,28,31,1,10,1372
2020-11-10,3,19,29,32,38,5,12,1371
2020-11-06,7,12,37,40,50,1,2,1370
2020-11-03,5,7,18,20,30,6,7,1369
2020-10-30,12,16,20,21,28,3,9,1368
2020-10-27,13,15,28,32,44,3,12,1367
2020-10-23,10,15,19,21,23,3,12,1366
2020-10-20,5,6,15,37,42,3,4,1365
2020-10-16,15,33,38,40,50,3,6,1364
2020-10-13,5,14,38,41,46,1,10,1363
2020-10-09,11,15,35,41,50,5,8,1362
2020-10-06,4,21,36,41,47,9,11,1361
2020-10-02,6,12,15,40,45,3,9,1360
2020-09-29,4,14,16,41,44,11,12,1359
2020-09-25,19,23,34,37,45,1,7,1358
2020-09-22,16,25,28,39,40,1,6,1357
2020-09-18,2,10,19,25,45,1,7,1356
2020-09-15,16,20,25,30,38,6,8,1355
2020-09-11,34,38,42,43,45,9,12,1354
2020-09-08,2,9,31,35,41,9,12,1353
2020-09-04,6,22,29,40,43,4,7,1352
2020-09-01,4,8,10,33,46,8,11,1351
2020-08-28,7,12,16,17,31,7,9,1350
2020-08-25,7,18,30,37,39,8,10,1349
2020-08-21,10,15,35,44,50,3,5,1348
2020-08-18,6,12,17,34,42,5,12,1347
2020-08-14,9,10,19,42,49,4,12,1346
2020-08-11,8,13,14,42,50,3,9,1345
2020-08-07,5,20,21,36,41,6,11,1344
2020-08-04,1,2,5,15,42,5,8,1343
2020-07-31,21,24,30,46,49,2,5,1342
2020-07-28,9,13,15,17,34,2,7,1341
2020-07-24,8,9,27,28,50,4,12,1340
2020-07-21,14,15,24,29,42,2,4,1339
2020-07-17,7,15,27,41,43,7,9,1338
2020-07-14,11,22,30,37,47,9,10,1337
2020-07-10,15,17,23,30,38,2,7,1336
2020-07-07,12,16,23,33,41,8,10,1335
2020-07-03,4,16,27,37,39,3,6,1334
2020-06-30,1,6,11,28,42,2,10,1333
2020-06-26,1,10,12,21,26,5,11,1332
2020-06-23,2,12,19,46,49,1,8,1331
2020-06-19,5,14,19,24,43,3,11,1330
2020-06-16,4,9,11,17,39,2,10,1329
2020-06-12,2,24,39,45,46,4,8,1328
2020-06-09,5,15,27,36,46,2,8,1327
2020-06-05,5,11,17,24,37,3,6,1326
2020-06-02,10,12,22,26,49,7,11,1325
2020-05-29,4,8,11,19,46,4,8,1324
2020-05-26,4,9,14,21,27,4,6,1323
2020-05-22,3,18,22,27,32,2,7,1322
2020-05-19,5,25,32,37,43,6,7,1321
2020-05-15,11,23,32,34,39,1,6,1320
2020-05-12,9,16,29,37,39,4,11,1319
2020-05-08,8,25,32,33,38,7,9,1318
2020-05-05,2,10,22,27,41,2,3,1317
2020-05-01,19,20,38,45,47,2,6,1316
2020-04-28,15,23,26,28,32,1,5,1315
2020-04-24,1,5,19,21,28,4,7,1314
2020-04-21,10,11,14,23,28,6,8,1313
2020-04-17,16,28,32,37,45,1,11,1312
2020-04-14,6,29,34,35,40,4,11,1311
2020-04-10,3,10,17,33,39,1,4,1310
2020-04-07,4,5,14,33,48,7,12,1309
2020-04-03,16,19,34,46,50,2,6,1308
2020-03-31,12,17,24,30,36,1,9,1307
2020-03-27,11,14,27,41,46,2,3,1306
2020-03-24,7,12,26,30,33,10,11,1305
2020-03-20,3,9,20,34,40,6,12,1304
2020-03-17,5,7,8,16,20,2,12,1303
2020-03-13,3,11,21,27,36,9,10,1302
2020-03-10,11,23,30,37,43,5,12,1301
2020-03-06,15,38,43,45,46,1,11,1300
2020-03-03,4,14,27,44,45,1,10,1299
2020-02-28,8,11,20,22,23,3,4,1298
2020-02-25,1,4,18,27,42,4,6,1297
2020-02-21,7,23,30,32,45,5,9,1296
2020-02-18,11,32,34,38,47,2,10,1295
2020-02-14,5,20,35,41,49,6,10,1294
2020-02-11,24,26,32,43,46,6,10,1293
2020-02-07,9,15,17,25,40,3,9,1292
2020-02-04,21,23,33,35,47,6,7,1291
2020-01-31,13,18,20,23,30,2,4,1290
2020-01-28,1,19,27,31,38,4,5,1289
2020-01-24,3,4,6,9,24,5,8,1288
2020-01-21,10,11,24,36,46,3,5,1287
2020-01-17,8,19,20,29,44,3,8,1286
2020-01-14,21,25,29,39,44,8,9,1285
2020-01-10,6,17,32,44,46,2,6,1284
2020-01-07,5,8,12,37,43,6,11,1283
2020-01-03,5,15,20,36,47,8,12,1282
2019-12-31,26,31,33,41,48,2,4,1281
2019-12-27,1,7,22,26,35,5,10,1280
2019-12-24,3,11,13,14,47,3,6,1279
2019-12-20,8,24,30,32,34,3,4,1278
2019-12-17,1,7,12,25,49,6,9,1277
2019-12-13,9,16,18,23,32,2,10,1276
2019-12-10,2,10,19,21,47,2,8,1275
2019-12-06,1,3,27,39,46,1,10,1274
2019-12-03,18,31,32,38,48,4,12,1273
2019-11-29,3,7,12,42,50,6,8,1272
2019-11-26,2,3,15,19,34,5,8,1271
2019-11-22,3,21,32,34,48,3,11,1270
2019-11-19,8,10,15,30,42,4,6,1269
2019-11-15,3,13,20,32,34,4,11,1268
2019-11-12,1,21,23,25,39,2,4,1267
2019-11-08,8,17,20,23,45,2,8,1266
2019-11-05,9,14,25,33,48,2,12,1265
2019-11-01,2,20,39,44,48,5,7,1264
2019-10-29,16,18,28,42,49,5,10,1263
2019-10-25,34,37,39,40,50,4,10,1262
2019-10-22,2,5,32,33,47,7,8,1261
2019-10-18,8,18,22,41,42,11,12,1260
2019-10-15,3,28,31,32,34,4,5,1259
2019-10-11,2,14,19,42,45,5,6,1258
2019-10-08,7,10,15,44,49,3,12,1257
2019-10-04,6,9,35,41,44,6,9,1256
2019-10-01,2,11,18,40,46,1,4,1255
2019-09-27,24,37,41,43,46,2,8,1254
2019-09-24,2,33,42,47,48,1,2,1253
2019-09-20,8,21,25,38,50,4,8,1252
2019-09-17,22,37,43,44,45,1,12,1251
2019-09-13,1,12,27,42,47,6,7,1250
2019-09-10,3,22,25,30,49,3,6,1249
2019-09-06,10,13,22,40,48,2,5,1248
2019-09-03,7,11,38,39,44,7,10,1247
2019-08-30,25,27,45,46,49,4,6,1246
2019-08-27,8,26,35,43,47,1,9,1245
2019-08-23,4,17,35,42,45,2,8,1244
2019-08-20,20,22,23,24,37,1,4,1243
2019-08-16,9,10,27,37,42,1,5,1242
2019-08-13,13,29,31,33,40,2,3,1241
2019-08-09,2,14,35,41,42,10,11,1240
2019-08-06,12,13,29,36,38,4,12,1239
2019-08-02,13,22,33,44,50,2,5,1238
2019-07-30,15,20,23,27,40,3,6,1237
2019-07-26,2,5,27,37,42,3,10,1236
2019-07-23,1,14,19,23,38,3,7,1235
2019-07-19,13,14,17,26,28,2,7,1234
2019-07-16,3,5,13,18,39,7,8,1233
2019-07-12,2,31,39,45,47,4,8,1232
2019-07-09,7,29,32,36,41,6,7,1231
2019-07-05,2,9,20,34,42,6,9,1230
2019-07-02,11,19,29,44,45,8,12,1229
2019-06-28,1,3,16,33,49,2,11,1228
2019-06-25,6,26,27,34,46,1,9,1227
2019-06-21,5,8,9,25,39,3,7,1226
2019-06-18,12,24,37,40,44,3,7,1225
2019-06-14,1,13,30,31,39,2,7,1224
2019-06-11,25,27,39,42,46,11,12,1223
2019-06-07,1,4,16,20,34,2,5,1222
2019-06-04,9,31,32,39,41,2,8,1221
2019-05-31,1,23,24,26,35,1,11,1220
2019-05-28,7,19,20,28,29,1,5,1219
2019-05-24,5,16,23,30,49,6,7,1218
2019-05-21,32,33,34,39,47,8,12,1217
2019-05-17,16,28,42,43,45,6,7,1216
2019-05-14,10,14,17,25,50,2,10,1215
2019-05-10,1,4,27,45,48,1,7,1214
2019-05-07,7,20,26,32,47,2,11,1213
2019-05-03,2,9,20,27,43,5,6,1212
2019-04-30,5,12,20,26,48,2,11,1211
2019-04-26,14,33,35,47,50,9,11,1210
2019-04-23,18,23,27,42,44,2,7,1209
2019-04-19,7,8,32,41,49,5,11,1208
2019-04-16,1,8,15,44,49,2,11,1207
2019-04-12,1,28,35,36,46,6,9,1206
2019-04-09,18,21,29,38,41,1,11,1205
2019-04-05,1,7,10,29,45,3,5,1204
2019-04-02,2,9,16,26,36,6,7,1203
2019-03-29,13,23,26,32,47,6,10,1202
2019-03-26,12,19,23,43,47,2,6,1201
2019-03-22,4,17,26,30,43,6,11,1200
2019-03-19,1,6,9,34,47,7,12,1199
2019-03-15,3,15,24,42,46,9,12,1198
2019-03-12,5,7,13,19,31,2,9,1197
2019-03-08,17,18,19,24,40,4,8,1196
2019-03-05,6,10,16,39,46,8,11,1195
2019-03-01,6,9,19,26,31,11,12,1194
2019-02-26,3,15,29,35,47,3,4,1193
2019-02-22,3,27,29,33,50,3,7,1192
2019-02-19,1,8,18,19,39,7,9,1191
2019-02-15,15,27,34,38,49,2,10,1190
2019-02-12,6,34,36,41,50,1,5,1189
2019-02-08,11,12,13,39,46,7,10,1188
2019-02-05,14,25,31,37,43,2,3,1187
2019-02-01,3,21,26,41,46,1,6,1186
2019-01-29,14,24,26,32,39,3,8,1185
2019-01-25,1,6,13,15,16,6,10,1184
2019-01-22,9,23,29,41,49,8,10,1183
2019-01-18,5,6,16,30,46,5,10,1182
2019-01-15,22,25,29,33,35,3,6,1181
2019-01-11,1,19,31,39,48,1,6,1180
2019-01-08,3,19,22,31,32,2,11,1179
2019-01-04,7,11,19,27,37,6,10,1178
2019-01-01,1,8,11,25,28,4,6,1177
2018-12-28,13,16,34,35,45,10,12,1176
2018-12-25,4,5,8,31,43,2,9,1175
2018-12-21,2,12,15,34,50,3,4,1174
2018-12-18,1,9,18,39,48,5,7,1173
2018-12-14,12,29,38,42,44,2,12,1172
2018-12-11,4,7,13,23,42,1,3,1171
2018-12-07,11,17,26,37,48,1,10,1170
2018-12-04,19,20,21,42,45,8,9,1169
2018-11-30,3,10,12,23,26,1,12,1168
2018-11-27,4,16,17,18,32,2,11,1167
2018-11-23,5,8,25,26,30,3,10,1166
2018-11-20,6,19,39,45,48,7,12,1165
2018-11-16,9,10,13,28,41,1,12,1164
2018-11-13,2,7,10,13,42,3,6,1163
2018-11-09,14,17,32,37,49,11,12,1162
2018-11-06,14,24,36,40,43,2,9,1161
2018-11-02,5,15,17,37,44,7,11,1160
2018-10-30,17,23,27,43,44,1,12,1159
2018-10-26,5,18,21,31,35,6,9,1158
2018-10-23,1,2,5,21,32,2,12,1157
2018-10-19,1,3,29,47,48,3,12,1156
2018-10-16,15,28,37,40,42,1,6,1155
2018-10-12,4,9,12,31,43,5,8,1154
2018-10-09,3,12,36,44,45,8,11,1153
2018-10-05,8,16,24,26,35,3,11,1152
2018-10-02,7,17,29,37,45,3,11,1151
2018-09-28,2,4,8,27,50,2,9,1150
2018-09-25,6,15,20,30,38,4,7,1149
2018-09-21,5,7,21,25,37,3,4,1148
2018-09-18,3,8,10,32,45,4,12,1147
2018-09-14,1,3,33,40,45,3,4,1146
2018-09-11,9,18,32,38,46,2,3,1145
2018-09-07,4,23,27,31,50,1,8,1144
2018-09-04,5,14,28,30,47,4,11,1143
2018-08-31,4,30,31,38,42,4,6,1142
2018-08-28,4,16,32,42,46,8,12,1141
2018-08-24,3,14,31,36,50,1,12,1140
2018-08-21,16,23,42,43,49,10,12,1139
2018-08-17,2,15,18,24,43,8,12,1138
2018-08-14,1,15,18,25,31,9,11,1137
2018-08-10,18,20,36,43,44,3,9,1136
2018-08-07,16,28,29,30,36,8,10,1135
2018-08-03,7,26,36,38,43,6,12,1134
2018-07-31,20,25,34,42,45,6,11,1133
2018-07-27,11,17,22,23,41,6,11,1132
2018-07-24,2,4,23,39,40,3,9,1131
2018-07-20,2,15,40,43,46,3,6,1130
2018-07-17,4,6,27,48,50,1,11,1129
2018-07-13,1,4,14,21,49,2,12,1128
2018-07-10,3,8,26,33,45,7,10,1127
2018-07-06,8,30,33,38,48,2,10,1126
2018-07-03,1,12,15,29,48,3,5,1125
2018-06-29,15,21,23,40,48,3,12,1124
2018-06-26,15,16,20,34,50,4,7,1123
2018-06-22,14,25,39,41,44,2,8,1122
2018-06-19,7,19,26,42,50,4,9,1121
2018-06-15,23,26,33,38,49,1,12,1120
2018-06-12,7,21,23,36,38,6,8,1119
2018-06-08,8,19,32,43,46,2,8,1118
2018-06-05,9,15,22,39,46,4,5,1117
2018-06-01,17,18,24,29,40,4,5,1116
2018-05-29,6,11,20,38,43,2,4,1115
2018-05-25,13,15,16,28,41,4,5,1114
2018-05-22,1,11,37,41,48,8,12,1113
2018-05-18,5,8,10,13,31,3,6,1112
2018-05-15,4,16,20,31,39,2,12,1111
2018-05-11,3,22,34,49,50,8,11,1110
2018-05-08,17,25,35,39,44,2,5,1109
2018-05-04,6,12,23,39,45,9,12,1108
2018-05-01,6,15,17,42,48,4,6,1107
2018-04-27,12,24,40,41,46,5,12,1106
2018-04-24,20,23,28,30,44,3,7,1105
2018-04-20,3,16,25,39,44,7,11,1104
2018-04-17,15,27,33,39,50,4,6,1103
2018-04-13,5,25,34,48,50,6,7,1102
2018-04-10,14,27,39,46,48,11,12,1101
2018-04-06,1,29,33,45,47,4,8,1100
2018-04-03,3,8,16,40,43,5,8,1099
2018-03-30,12,17,28,35,47,7,11,1098
2018-03-27,17,20,23,40,46,9,10,1097
2018-03-23,5,7,11,46,50,8,11,1096
2018-03-20,26,29,37,39,44,9,11,1095
2018-03-16,4,17,24,27,31,10,11,1094
2018-03-13,9,11,13,33,49,6,12,1093
2018-03-09,9,14,21,32,44,1,12,1092
2018-03-06,15,20,26,31,44,2,9,1091
2018-03-02,2,7,34,45,48,1,12,1090
2018-02-27,3,31,41,48,50,8,11,1089
2018-02-23,10,17,18,28,47,3,7,1088
2018-02-20,6,14,19,25,29,5,11,1087
2018-02-16,10,12,23,32,50,4,10,1086
2018-02-13,10,13,17,21,44,1,10,1085
2018-02-09,22,31,36,38,44,1,11,1084
2018-02-06,8,17,28,34,38,6,12,1083
2018-02-02,14,34,36,39,48,2,3,1082
2018-01-30,11,15,21,27,35,4,5,1081
2018-01-26,6,15,24,28,48,4,9,1080
2018-01-23,5,8,9,23,24,7,8,1079
2018-01-19,3,8,17,44,50,2,7,1078
2018-01-16,20,23,31,34,46,3,12,1077
2018-01-12,13,21,23,30,45,4,6,1076
2018-01-09,6,12,15,38,49,2,9,1075
2018-01-05,2,5,20,38,41,4,8,1074
2018-01-02,10,20,21,28,48,1,8,1073
2017-12-29,4,8,22,23,48,1,12,1072
2017-12-26,4,17,30,43,44,2,10,1071
2017-12-22,5,24,30,31,43,3,6,1070
2017-12-19,8,15,30,38,46,4,7,1069
2017-12-15,25,30,31,42,50,2,11,1068
2017-12-12,20,37,39,44,50,4,8,1067
2017-12-08,4,22,30,32,34,3,4,1066
2017-12-05,11,36,43,44,48,2,7,1065
2017-12-01,5,24,29,35,46,11,12,1064
2017-11-28,1,6,12,18,42,2,7,1063
2017-11-24,19,24,28,30,50,3,10,1062
2017-11-21,2,10,14,28,31,5,7,1061
2017-11-17,20,26,35,36,42,5,12,1060
2017-11-14,14,16,39,40,41,8,10,1059
2017-11-10,13,22,29,36,37,1,9,1058
2017-11-07,7,19,20,37,41,2,12,1057
2017-11-03,5,12,17,33,41,4,9,1056
2017-10-31,1,12,36,43,46,3,5,1055
2017-10-27,3,16,23,32,39,1,4,1054
2017-10-24,9,11,13,27,33,7,10,1053
2017-10-20,4,17,23,27,30,3,8,1052
2017-10-17,13,17,19,26,36,2,3,1051
2017-10-13,23,29,37,45,50,5,11,1050
2017-10-10,4,21,34,36,37,3,6,1049
2017-10-06,1,9,15,19,25,1,7,1048
2017-10-03,6,24,32,48,50,1,5,1047
2017-09-29,7,18,19,32,48,3,7,1046
2017-09-26,1,29,40,41,48,6,12,1045
2017-09-22,6,11,31,39,42,1,3,1044
2017-09-19,1,8,21,30,45,2,3,1043
2017-09-15,13,18,37,44,49,9,12,1042
2017-09-12,10,17,27,29,35,4,11,1041
2017-09-08,9,24,42,47,49,1,5,1040
2017-09-05,6,9,18,28,29,1,9,1039
2017-09-01,3,7,8,14,49,5,8,1038
2017-08-29,4,12,15,32,38,1,5,1037
2017-08-25,1,5,7,15,47,9,12,1036
2017-08-22,3,10,12,17,27,3,5,1035
2017-08-18,2,24,39,42,45,2,8,1034
2017-08-15,10,14,30,35,46,4,10,1033
2017-08-11,18,28,39,46,48,5,12,1032
2017-08-08,15,25,26,40,41,4,5,1031
2017-08-04,29,30,36,40,41,2,9,1030
2017-08-01,14,21,24,29,30,8,10,1029
2017-07-28,5,9,29,31,41,2,4,1028
2017-07-25,12,14,43,44,48,2,11,1027
2017-07-21,1,8,9,26,49,5,9,1026
2017-07-18,1,25,27,41,45,5,7,1025
2017-07-14,11,14,20,21,47,7,10,1024
2017-07-11,14,22,26,42,50,8,10,1023
2017-07-07,11,20,35,37,45,3,6,1022
2017-07-04,10,22,25,37,49,5,8,1021
2017-06-30,17,35,39,47,50,6,8,1020
2017-06-27,9,17,21,28,45,1,3,1019
2017-06-23,3,4,21,31,38,3,7,1018
2017-06-20,11,18,26,43,44,8,10,1017
2017-06-16,15,17,38,41,42,9,12,1016
2017-06-13,3,12,22,27,49,4,11,1015
2017-06-09,9,20,27,39,43,10,11,1014
2017-06-06,20,22,25,37,40,3,7,1013
2017-06-02,8,10,24,33,42,3,9,1012
2017-05-30,7,12,27,38,48,6,9,1011
2017-05-26,5,7,26,36,39,2,10,1010
2017-05-23,8,15,25,27,42,1,4,1009
2017-05-19,9,11,12,19,30,4,9,1008
2017-05-16,8,11,15,20,30,3,8,1007
2017-05-12,2,20,28,29,44,3,9,1006
2017-05-09,8,12,16,22,26,6,7,1005
2017-05-05,3,7,30,35,43,1,3,1004
2017-05-02,6,19,23,25,27,11,12,1003
2017-04-28,14,20,25,30,39,2,8,1002
2017-04-25,9,11,19,32,43,3,9,1001
2017-04-21,2,13,16,22,49,4,5,1000
2017-04-18,17,22,31,38,45,5,12,999
2017-04-14,4,14,20,23,33,6,10,998
2017-04-11,5,21,22,31,49,2,8,997
2017-04-07,2,10,19,35,50,6,7,996
2017-04-04,1,9,24,33,34,2,6,995
2017-03-31,17,24,26,28,45,4,12,994
2017-03-28,9,13,31,33,46,6,10,993
2017-03-24,2,17,21,27,34,5,9,992
2017-03-21,1,20,23,44,47,4,11,991
2017-03-17,6,10,19,29,36,3,9,990
2017-03-14,3,5,21,36,44,3,6,989
2017-03-10,31,36,38,47,49,8,11,988
2017-03-07,6,37,41,48,50,4,5,987
2017-03-03,2,11,29,30,47,1,12,986
2017-02-28,10,20,31,35,42,2,12,985
2017-02-24,2,4,13,22,43,8,9,984
2017-02-21,13,19,41,45,49,3,4,983
2017-02-17,19,25,33,36,48,2,9,982
2017-02-14,2,10,24,40,44,3,10,981
2017-02-10,7,21,26,35,43,2,9,980
2017-02-07,4,10,31,38,44,8,10,979
2017-02-03,3,4,15,46,50,5,9,978
2017-01-31,3,4,17,23,44,6,9,977
2017-01-27,17,20,28,45,48,5,9,976
2017-01-24,1,5,7,17,23,3,8,975
2017-01-20,10,17,27,31,49,3,5,974
2017-01-17,4,16,25,43,47,2,10,973
2017-01-13,3,7,16,26,50,4,7,972
2017-01-10,2,11,29,35,44,4,9,971
2017-01-06,10,14,18,21,49,9,11,970
2017-01-03,19,23,27,34,49,1,11,969
2016-12-30,8,10,22,29,47,1,3,968
2016-12-27,3,22,25,32,39,7,12,967
2016-12-23,4,16,20,39,46,2,5,966
2016-12-20,13,15,17,21,27,2,3,965
2016-12-16,6,10,30,41,45,4,11,964
2016-12-13,14,28,29,48,50,2,8,963
2016-12-09,6,12,28,37,40,1,5,962
2016-12-06,1,7,11,27,45,4,9,961
2016-12-02,6,11,23,31,32,2,12,960
2016-11-29,21,26,27,28,38,9,11,959
2016-11-25,5,11,17,23,28,10,11,958
2016-11-22,5,10,33,34,47,2,10,957
2016-11-18,3,12,27,32,47,6,8,956
2016-11-15,7,15,36,42,48,3,7,955
2016-11-11,3,22,23,38,49,2,9,954
2016-11-08,5,9,47,49,50,8,9,953
2016-11-04,7,11,12,44,48,3,7,952
2016-11-01,6,10,20,29,37,1,9,951
2016-10-28,10,16,19,23,43,2,8,950
2016-10-25,3,15,20,21,28,1,5,949
2016-10-21,9,20,23,44,48,8,10,948
2016-10-18,2,17,21,25,27,6,9,947
2016-10-14,7,13,19,31,34,1,11,946
2016-10-11,5,12,20,24,37,4,11,945
2016-10-07,2,12,20,27,30,9,11,944
2016-10-04,4,7,14,34,38,4,11,943
2016-09-30,17,35,37,43,44,2,10,942
2016-09-27,6,9,13,39,41,2,12,941
2016-09-23,14,16,39,42,49,3,9,940
2016-09-20,1,4,10,41,45,6,9,939
2016-09-16,5,8,14,22,32,2,11,938
2016-09-13,4,7,16,35,44,1,3,937
2016-09-09,4,11,15,17,28,1,3,936
2016-09-06,12,24,30,34,45,7,10,935
2016-09-02,8,16,32,40,50,2,11,934
2016-08-30,13,16,29,35,42,6,8,933
2016-08-26,1,9,28,30,48,7,8,932
2016-08-23,2,23,31,37,45,4,8,931
2016-08-19,5,6,22,25,34,5,7,930
2016-08-16,2,26,34,37,46,4,8,929
2016-08-12,2,15,28,36,50,2,11,928
2016-08-09,12,19,43,44,45,5,10,927
2016-08-05,16,19,24,35,37,2,7,926
2016-08-02,2,8,27,38,46,2,6,925
2016-07-29,1,21,26,40,50,2,4,924
2016-07-26,3,10,13,45,49,2,11,923
2016-07-22,7,24,26,37,45,5,9,922
2016-07-19,19,24,28,36,37,3,6,921
2016-07-15,2,11,13,14,21,1,8,920
2016-07-12,3,7,26,33,41,2,10,919
2016-07-08,8,12,18,33,44,4,8,918
2016-07-05,1,10,29,38,48,3,4,917
2016-07-01,2,11,13,40,50,1,10,916
2016-06-28,26,32,37,43,49,4,5,915
2016-06-24,11,19,27,28,39,3,10,914
2016-06-21,5,17,32,35,49,1,5,913
2016-06-17,1,7,18,27,43,4,8,912
2016-06-14,13,34,39,42,50,9,11,911
2016-06-10,14,21,35,42,43,7,9,910
2016-06-07,19,26,35,45,49,2,5,909
2016-06-03,7,23,31,33,39,6,10,908
2016-05-31,6,12,26,30,48,6,7,907
2016-05-27,13,25,27,43,46,4,8,906
2016-05-24,16,17,23,34,37,6,9,905
2016-05-20,9,14,30,41,45,4,9,904
2016-05-17,15,27,32,36,39,3,10,903
2016-05-13,7,15,28,31,42,10,11,902
2016-05-10,2,26,27,40,49,5,10,901
2016-05-06,32,34,40,45,48,1,10,900
2016-05-03,8,23,24,34,38,3,7,899
2016-04-29,4,5,25,28,43,6,11,898
2016-04-26,10,17,31,32,42,2,5,897
2016-04-22,17,26,32,34,43,2,10,896
2016-04-19,11,14,15,27,44,2,7,895
2016-04-15,13,14,32,37,48,1,7,894
2016-04-12,1,5,9,22,38,2,10,893
2016-04-08,6,8,26,43,49,6,10,892
2016-04-05,3,5,9,19,40,2,5,891
2016-04-01,2,16,23,25,49,6,9,890
2016-03-29,4,25,19,36,1,3,11,889
2016-03-25,43,36,12,42,19,8,5,888
2016-03-22,15,49,12,26,42,5,8,887
2016-03-18,14,49,21,19,24,5,11,886
2016-03-15,7,10,5,44,34,10,2,885
2016-03-11,26,43,1,21,40,9,6,884
2016-03-08,9,14,23,8,1,7,1,883
2016-03-04,9,23,40,16,14,1,5,882
2016-03-01,37,7,28,13,4,11,10,881
2016-02-26,13,50,5,33,15,9,11,880
2016-02-23,42,32,23,25,37,11,1,879
2016-02-19,32,13,14,39,30,3,9,878
2016-02-16,3,22,50,10,37,6,10,877
2016-02-12,31,49,28,20,3,5,2,876
2016-02-09,9,6,13,28,37,4,5,875
2016-02-05,46,32,27,3,41,4,8,874
2016-02-02,36,21,10,6,9,6,2,873
2016-01-29,29,32,23,1,5,1,7,872
2016-01-26,15,40,24,48,38,2,9,871
2016-01-22,27,10,30,47,12,9,8,870
2016-01-19,2,30,38,43,46,7,2,869
2016-01-15,43,38,19,10,46,1,11,868
2016-01-12,2,10,30,44,1,1,8,867
2016-01-08,35,33,26,40,5,3,8,866
2016-01-05,36,10,6,39,31,6,10,865
2016-01-01,44,37,38,39,4,4,7,864
2015-12-29,5,36,32,31,20,6,7,863
2015-12-25,10,27,40,3,25,9,3,862
2015-12-22,19,41,18,40,20,7,10,861
2015-12-18,22,6,26,29,48,5,6,860
2015-12-15,11,27,35,8,23,4,11,859
2015-12-11,43,5,21,3,40,11,6,858
2015-12-08,48,29,12,38,17,9,11,857
2015-12-04,17,27,18,39,8,7,1,856
2015-12-01,35,15,45,25,2,10,8,855
2015-11-27,50,16,30,37,29,6,8,854
2015-11-24,26,14,17,9,16,10,11,853
2015-11-20,34,49,30,46,4,8,7,852
2015-11-17,6,37,23,38,7,11,10,851
2015-11-13,33,10,18,40,17,8,2,850
2015-11-10,43,39,13,6,18,2,8,849
2015-11-06,26,40,38,17,3,4,10,848
2015-11-03,39,27,49,8,46,2,6,847
2015-10-30,34,13,17,8,21,6,7,846
2015-10-27,11,20,25,36,12,9,6,845
2015-10-23,25,7,32,39,30,2,8,844
2015-10-20,21,19,30,45,17,8,10,843
2015-10-16,28,43,7,48,29,3,10,842
2015-10-13,26,15,12,47,29,11,3,841
2015-10-09,43,42,47,40,1,9,11,840
2015-10-06,22,32,29,11,20,1,8,839
2015-10-02,21,35,7,32,18,11,2,838
2015-09-29,14,49,26,11,29,3,9,837
2015-09-25,14,37,30,13,23,8,2,836
2015-09-22,27,14,23,29,26,7,10,835
2015-09-18,39,34,33,7,29,8,7,834
2015-09-15,44,8,15,17,49,5,8,833
2015-09-11,19,50,10,29,18,9,1,832
2015-09-08,42,14,40,39,16,1,4,831
2015-09-04,27,8,45,9,50,8,10,830
2015-09-01,6,27,45,19,21,8,1,829
2015-08-28,11,34,30,29,31,4,7,828
2015-08-25,31,33,50,27,42,5,2,827
2015-08-21,47,4,16,18,43,10,6,826
2015-08-18,7,10,19,12,11,2,9,825
2015-08-14,45,4,44,7,39,3,5,824
2015-08-11,2,16,3,15,8,4,11,823
2015-08-07,1,5,21,44,39,4,11,822
2015-08-04,50,15,39,10,45,10,9,821
2015-07-31,34,21,16,50,40,6,9,820
2015-07-28,36,23,49,43,32,8,7,819
2015-07-24,21,46,2,9,35,2,11,818
2015-07-21,14,29,44,27,20,10,7,817
2015-07-17,21,48,22,1,43,9,7,816
2015-07-14,34,18,36,19,6,1,8,815
2015-07-10,35,8,15,5,41,5,4,814
2015-07-07,7,41,33,18,6,10,3,813
2015-07-03,11,18,44,15,12,3,9,812
2015-06-30,11,28,15,34,37,1,8,811
2015-06-26,10,19,6,3,24,5,7,810
2015-06-23,16,38,4,22,49,6,9,809
2015-06-19,7,14,20,31,42,9,3,808
2015-06-16,15,10,36,16,37,3,9,807
2015-06-12,11,10,37,5,8,9,7,806
2015-06-09,5,34,17,9,32,8,6,805
2015-06-05,8,7,2,48,45,9,1,804
2015-06-02,23,7,41,29,37,1,8,803
2015-05-29,4,20,48,45,3,8,6,802
2015-05-26,6,24,7,21,5,6,5,801
2015-05-22,18,44,35,24,45,5,11,800
2015-05-19,35,37,31,26,30,11,8,799
2015-05-15,47,42,44,5,35,9,8,798
2015-05-12,29,30,14,46,40,3,6,797
2015-05-08,14,19,49,7,47,10,3,796
2015-05-05,1,17,10,42,20,9,8,795
2015-05-01,19,26,20,25,3,6,10,794
2015-04-28,36,24,28,26,45,10,7,793
2015-04-24,31,5,40,29,19,3,10,792
2015-04-21,14,42,17,6,45,8,1,791
2015-04-17,39,2,34,24,30,11,8,790
2015-04-14,49,34,32,24,35,2,1,789
2015-04-10,25,43,22,23,30,5,9,788
2015-04-07,39,25,50,44,18,8,5,787
2015-04-03,39,37,49,29,27,4,2,786
2015-03-31,8,28,20,24,49,8,9,785
2015-03-27,30,39,32,44,2,10,6,784
2015-03-24,40,10,39,24,26,3,10,783
2015-03-20,3,14,42,48,37,1,10,782
2015-03-17,11,23,44,38,26,8,1,781
2015-03-13,4,5,22,18,23,3,1,780
2015-03-10,31,30,2,6,23,10,2,779
2015-03-06,47,30,49,50,23,7,2,778
2015-03-03,6,21,13,8,11,8,7,777
2015-02-27,17,25,14,5,47,10,9,776
2015-02-24,3,28,25,34,50,1,11,775
2015-02-20,37,46,10,4,14,4,7,774
2015-02-17,5,2,18,43,30,10,1,773
2015-02-13,24,12,39,44,42,3,11,772
2015-02-10,30,45,20,13,17,9,10,771
2015-02-06,50,30,10,26,39,8,7,770
2015-02-03,50,44,17,31,33,11,7,769
2015-01-30,9,24,15,13,19,3,8,768
2015-01-27,10,33,5,31,40,10,8,767
2015-01-23,30,45,29,38,6,8,1,766
2015-01-20,33,47,15,41,44,10,8,765
2015-01-16,34,32,29,30,46,6,3,764
2015-01-13,34,31,21,8,17,10,9,763
2015-01-09,6,32,45,21,24,1,11,762
2015-01-06,20,38,30,14,49,4,3,761
2015-01-02,24,25,49,28,22,3,6,760
2014-12-30,6,18,39,50,44,11,8,759
2014-12-26,26,45,27,49,17,2,3,758
2014-12-23,49,25,9,19,8,10,2,757
2014-12-19,39,44,23,29,31,5,8,756
2014-12-16,13,7,3,25,12,5,8,755
2014-12-12,28,2,15,31,37,4,6,754
2014-12-09,31,1,3,42,46,11,4,753
2014-12-05,5,8,48,47,37,3,2,752
2014-12-02,15,25,3,49,44,9,1,751
2014-11-28,10,23,6,41,15,10,4,750
2014-11-25,32,7,36,3,25,1,6,749
2014-11-21,28,32,7,37,4,5,10,748
2014-11-18,3,2,36,38,17,11,4,747
2014-11-14,36,32,38,48,17,8,5,746
2014-11-11,46,14,36,2,21,11,7,745
2014-11-07,32,13,38,46,25,10,1,744
2014-11-04,1,13,6,26,17,3,5,743
2014-10-31,10,41,13,20,33,9,3,742
2014-10-28,45,17,40,10,15,1,2,741
2014-10-24,42,20,3,30,9,6,1,740
2014-10-21,40,33,27,20,21,3,10,739
2014-10-17,49,13,48,1,40,8,10,738
2014-10-14,15,23,32,4,5,7,3,737
2014-10-10,29,42,47,45,6,9,10,736
2014-10-07,38,30,21,9,28,8,1,735
2014-10-03,13,23,50,48,4,10,5,734
2014-09-30,33,13,15,3,42,5,7,733
2014-09-26,46,35,47,13,27,1,2,732
2014-09-23,12,13,14,29,35,1,7,731
2014-09-19,6,34,8,38,48,9,3,730
2014-09-16,4,30,35,50,29,4,2,729
2014-09-12,31,9,33,26,13,7,11,728
2014-09-09,15,35,19,8,24,10,8,727
2014-09-05,18,50,23,46,1,9,3,726
2014-09-02,39,45,25,31,5,8,1,725
2014-08-29,32,38,26,9,2,3,6,724
2014-08-26,36,48,45,10,22,11,4,723
2014-08-22,29,17,49,35,4,1,2,722
2014-08-19,11,34,47,4,7,7,8,721
2014-08-15,4,21,30,5,23,10,8,720
2014-08-12,22,19,7,16,33,5,2,719
2014-08-08,29,21,35,46,43,1,9,718
2014-08-05,5,21,42,7,19,11,5,717
2014-08-01,50,44,46,48,24,10,5,716
2014-07-29,40,23,35,10,43,9,3,715
2014-07-25,10,24,9,12,43,5,9,714
2014-07-22,1,43,50,45,24,5,8,713
2014-07-18,1,41,43,11,29,3,11,712
2014-07-15,18,27,15,34,20,1,3,711
2014-07-11,38,35,5,49,22,7,4,710
2014-07-08,24,18,22,8,27,11,4,709
2014-07-04,47,18,43,39,4,6,2,708
2014-07-01,39,25,18,22,27,5,10,707
2014-06-27,39,34,45,33,31,2,10,706
2014-06-24,20,1,7,21,48,4,7,705
2014-06-20,5,38,49,15,25,1,2,704
2014-06-17,48,13,37,40,11,8,9,703
2014-06-13,16,22,28,46,18,11,9,702
2014-06-10,12,18,21,33,32,1,11,701
2014-06-06,34,40,25,7,49,9,11,700
2014-06-03,2,39,32,15,44,5,10,699
2014-05-30,27,41,24,45,5,7,6,698
2014-05-27,16,13,26,25,7,1,6,697
2014-05-23,31,3,47,8,34,11,9,696
2014-05-20,38,5,36,33,47,4,9,695
2014-05-16,26,23,37,29,40,4,3,694
2014-05-13,47,34,13,30,4,6,2,693
2014-05-09,45,28,3,26,21,10,7,692
2014-05-06,37,5,19,31,24,9,1,691
2014-05-02,30,42,4,31,38,11,2,690
2014-04-29,35,26,18,23,44,3,11,689
2014-04-25,13,49,44,21,24,9,1,688
2014-04-22,20,46,15,24,13,8,1,687
2014-04-18,21,47,31,39,24,3,7,686
2014-04-15,14,50,47,26,3,7,11,685
2014-04-11,8,33,30,12,19,4,11,684
2014-04-08,42,11,29,18,49,11,4,683
2014-04-04,50,45,28,6,10,10,11,682
2014-04-01,44,38,18,16,26,10,8,681
2014-03-28,3,43,19,28,4,3,7,680
2014-03-25,28,50,26,7,20,8,2,679
2014-03-21,37,7,39,30,42,7,5,678
2014-03-18,27,36,34,8,39,5,10,677
2014-03-14,30,24,6,27,25,9,5,676
2014-03-11,1,4,44,33,23,8,7,675
2014-03-07,38,10,40,5,41,1,8,674
2014-03-04,3,22,5,27,44,6,1,673
2014-02-28,38,44,32,12,43,2,7,672
2014-02-25,42,21,25,28,35,6,4,671
2014-02-21,28,13,17,30,32,5,7,670
2014-02-18,36,37,26,23,49,6,7,669
2014-02-14,19,39,4,2,6,2,7,668
2014-02-11,47,25,8,17,41,1,2,667
2014-02-07,17,19,47,3,46,9,10,666
2014-02-04,37,1,33,21,38,8,4,665
2014-01-31,10,15,31,8,16,8,9,664
2014-01-28,18,23,48,20,42,2,9,663
2014-01-24,19,41,35,34,5,1,5,662
2014-01-21,4,42,35,48,12,5,8,661
2014-01-17,26,19,33,42,32,10,4,660
2014-01-14,25,18,20,26,37,11,10,659
2014-01-10,1,27,2,11,29,10,1,658
2014-01-07,2,45,20,27,33,6,10,657
2014-01-03,3,44,27,38,31,3,8,656
2013-12-31,29,45,24,20,13,7,3,655
2013-12-27,1,22,6,13,28,10,5,654
2013-12-24,5,31,43,50,19,6,2,653
2013-12-20,13,22,17,43,12,10,3,652
2013-12-17,41,6,8,37,27,7,10,651
2013-12-13,24,22,23,1,31,6,11,650
2013-12-10,49,50,24,6,35,7,1,649
2013-12-06,18,31,36,2,1,7,10,648
2013-12-03,32,6,29,15,13,2,9,647
2013-11-29,10,23,7,2,43,4,7,646
2013-11-26,44,27,23,42,19,5,3,645
2013-11-22,40,26,13,25,50,8,9,644
2013-11-19,45,14,19,36,15,1,10,643
2013-11-15,13,42,3,15,29,4,1,642
2013-11-12,29,48,40,37,14,11,2,641
2013-11-08,35,20,42,43,28,8,10,640
2013-11-05,35,38,12,13,6,2,3,639
2013-11-01,19,33,29,30,7,3,8,638
2013-10-29,32,9,10,30,37,6,2,637
2013-10-25,2,31,38,3,10,6,10,636
2013-10-22,39,33,29,44,41,9,11,635
2013-10-18,25,36,47,46,5,2,6,634
2013-10-15,39,18,27,43,47,7,4,633
2013-10-11,6,17,23,12,43,5,9,632
2013-10-08,23,24,33,42,26,5,3,631
2013-10-04,50,35,6,24,20,5,10,630
2013-10-01,19,44,48,25,23,9,8,629
2013-09-27,41,15,11,38,43,6,2,628
2013-09-24,43,20,10,28,26,9,11,627
2013-09-20,5,11,38,35,45,2,3,626
2013-09-17,44,17,21,42,13,11,9,625
2013-09-13,14,27,6,4,33,10,5,624
2013-09-10,7,28,30,14,11,2,10,623
2013-09-06,25,11,32,23,37,7,4,622
2013-09-03,5,18,16,42,9,7,9,621
2013-08-30,45,25,17,36,2,5,9,620
2013-08-27,7,40,38,43,30,6,2,619
2013-08-23,30,37,26,6,1,8,5,618
2013-08-20,42,11,50,49,5,8,11,617
2013-08-16,39,20,24,37,27,5,10,616
2013-08-13,5,20,47,17,50,1,4,615
2013-08-09,24,4,23,7,9,9,8,614
2013-08-06,17,47,16,49,31,3,11,613
2013-08-02,42,36,48,37,21,7,4,612
2013-07-30,3,14,4,11,43,1,6,611
2013-07-26,23,38,29,12,49,4,3,610
2013-07-23,19,14,44,16,15,4,5,609
2013-07-19,24,35,13,26,16,5,2,608
2013-07-16,50,34,47,19,23,4,6,607
2013-07-12,26,42,33,18,32,3,2,606
2013-07-09,18,16,38,49,31,10,4,605
2013-07-05,28,4,33,12,15,1,10,604
2013-07-02,14,13,11,28,30,4,5,603
2013-06-28,15,1,47,28,35,7,1,602
2013-06-25,4,13,35,27,5,2,1,601
2013-06-21,30,11,36,45,10,1,2,600
2013-06-18,24,33,17,41,44,11,1,599
2013-06-14,41,25,48,10,47,6,10,598
2013-06-11,7,9,25,5,41,5,1,597
2013-06-07,14,26,45,50,7,2,7,596
2013-06-04,34,33,40,31,37,6,1,595
2013-05-31,29,43,28,34,27,10,5,594
2013-05-28,34,38,13,8,26,3,11,593
2013-05-24,22,17,40,7,27,2,3,592
2013-05-21,29,19,8,28,7,9,5,591
2013-05-17,25,24,50,6,20,9,10,590
2013-05-14,24,7,8,36,27,11,5,589
2013-05-10,48,35,45,1,32,4,11,588
2013-05-07,43,27,13,28,42,4,6,587
2013-05-03,5,49,34,3,40,2,3,586
2013-04-30,13,50,40,43,36,9,5,585
2013-04-26,40,38,16,24,11,2,5,584
2013-04-23,50,4,1,7,10,4,11,583
2013-04-19,1,46,8,42,48,4,7,582
2013-04-16,33,50,22,1,11,4,6,581
2013-04-12,28,45,15,5,10,3,9,580
2013-04-09,15,44,48,38,35,10,5,579
2013-04-05,32,1,17,39,11,7,2,578
2013-04-02,17,12,41,29,25,1,4,577
2013-03-29,44,30,46,43,13,9,5,576
2013-03-26,44,30,26,42,4,6,11,575
2013-03-22,27,32,12,34,49,9,8,574
2013-03-19,44,32,19,37,35,9,1,573
2013-03-15,24,14,39,4,21,10,3,572
2013-03-12,50,4,10,2,22,5,8,571
2013-03-08,20,42,23,28,3,8,11,570
2013-03-05,33,31,19,8,39,7,2,569
2013-03-01,1,11,36,29,42,4,5,568
2013-02-26,12,13,17,3,30,6,2,567
2013-02-22,15,37,36,16,28,2,11,566
2013-02-19,28,30,44,12,15,9,8,565
2013-02-15,2,4,42,28,22,4,9,564
2013-02-12,28,25,5,11,16,7,9,563
2013-02-08,14,44,11,34,9,11,10,562
2013-02-05,25,6,45,40,31,6,7,561
2013-02-01,37,5,34,38,21,1,6,560
2013-01-29,9,16,36,26,39,6,2,559
2013-01-25,3,10,37,18,31,2,4,558
2013-01-22,45,10,48,1,44,4,1,557
2013-01-18,39,26,27,30,4,10,3,556
2013-01-15,47,42,22,40,38,11,1,555
2013-01-11,37,22,29,4,41,7,4,554
2013-01-08,22,26,47,2,20,9,5,553
2013-01-04,4,10,27,22,41,10,8,552
2013-01-01,36,49,2,7,8,11,1,551
2012-12-28,26,49,27,24,17,3,5,550
2012-12-25,14,20,32,23,18,3,10,549
2012-12-21,40,5,3,42,22,3,10,548
2012-12-18,35,14,44,18,20,5,2,547
2012-12-14,40,29,11,43,10,11,3,546
2012-12-11,50,4,9,1,43,6,8,545
2012-12-07,10,18,31,42,16,2,5,544
2012-12-04,29,5,28,44,10,2,4,543
2012-11-30,18,23,40,24,10,3,4,542
2012-11-27,49,44,6,10,23,7,1,541
2012-11-23,11,20,40,9,1,5,1,540
2012-11-20,42,28,45,30,49,10,5,539
2012-11-16,15,19,41,23,10,2,9,538
2012-11-13,29,11,21,24,16,6,2,537
2012-11-09,47,28,14,21,22,5,4,536
2012-11-06,35,25,20,41,7,1,9,535
2012-11-02,6,10,3,44,11,3,4,534
2012-10-30,23,44,25,24,31,2,3,533
2012-10-26,9,5,6,38,27,5,11,532
2012-10-23,1,35,38,50,28,2,10,531
2012-10-19,16,40,44,37,29,8,10,530
2012-10-16,41,10,40,49,32,2,8,529
2012-10-12,35,7,17,43,6,2,8,528
2012-10-09,23,8,10,25,2,8,9,527
2012-10-05,19,16,18,21,9,3,2,526
2012-10-02,16,42,21,36,4,8,7,525
2012-09-28,20,26,30,33,23,6,9,524
2012-09-25,48,25,27,49,7,1,4,523
2012-09-21,41,4,34,43,19,7,11,522
2012-09-18,38,7,39,44,6,7,9,521
2012-09-14,27,10,44,23,3,9,7,520
2012-09-11,15,6,37,22,44,2,4,519
2012-09-07,15,35,13,30,42,4,6,518
2012-09-04,18,39,17,44,11,10,5,517
2012-08-31,31,28,16,48,33,11,7,516
2012-08-28,1,26,25,44,18,5,4,515
2012-08-24,6,5,19,37,12,7,3,514
2012-08-21,17,5,38,4,48,4,3,513
2012-08-17,19,25,33,44,28,8,2,512
2012-08-14,45,16,42,1,38,9,10,511
2012-08-10,50,21,17,48,11,9,10,510
2012-08-07,20,50,34,46,27,3,2,509
2012-08-03,34,35,42,24,46,5,1,508
2012-07-31,35,39,4,36,29,9,8,507
2012-07-27,15,48,14,23,21,2,10,506
2012-07-24,18,25,4,16,44,11,1,505
2012-07-20,19,23,10,45,49,9,10,504
2012-07-17,24,2,43,7,46,10,8,503
2012-07-13,18,46,35,25,8,9,4,502
2012-07-10,37,1,24,16,3,8,1,501
2012-07-06,40,42,38,31,32,3,1,500
2012-07-03,22,7,2,40,27,6,3,499
2012-06-29,14,17,28,39,29,11,1,498
2012-06-26,11,22,35,20,1,10,8,497
2012-06-22,18,14,19,43,49,7,3,496
2012-06-19,17,20,50,7,35,5,11,495
2012-06-15,48,38,27,22,10,3,7,494
2012-06-12,30,26,48,15,8,9,10,493
2012-06-08,11,22,5,34,40,9,11,492
2012-06-05,13,49,37,47,34,8,9,491
2012-06-01,26,2,36,14,4,9,10,490
2012-05-29,28,17,25,15,8,3,11,489
2012-05-25,35,12,22,49,46,2,8,488
2012-05-22,31,32,41,16,37,7,1,487
2012-05-18,29,50,43,47,13,9,11,486
2012-05-15,13,2,50,11,26,5,2,485
2012-05-11,1,17,13,44,38,2,11,484
2012-05-08,3,34,48,38,21,5,8,483
2012-05-04,26,41,40,39,3,1,2,482
2012-05-01,4,15,41,5,19,11,9,481
2012-04-27,36,43,30,27,20,1,6,480
2012-04-24,8,24,48,43,9,3,5,479
2012-04-20,32,41,29,3,6,11,10,478
2012-04-17,10,28,49,48,33,10,1,477
2012-04-13,8,39,43,13,26,3,5,476
2012-04-10,37,27,22,25,36,9,5,475
2012-04-06,11,35,45,20,30,2,3,474
2012-04-03,1,8,18,25,30,10,9,473
2012-03-30,46,17,23,4,36,10,6,472
2012-03-27,29,36,27,34,24,7,8,471
2012-03-23,50,15,9,23,31,8,11,470
2012-03-20,28,30,15,16,46,3,4,469
2012-03-16,12,4,50,3,23,4,7,468
2012-03-13,47,1,25,10,43,8,9,467
2012-03-09,39,36,32,47,3,6,9,466
2012-03-06,23,47,27,37,24,6,2,465
2012-03-02,44,5,11,6,30,6,2,464
2012-02-28,10,48,1,17,33,2,3,463
2012-02-24,34,3,12,26,7,10,8,462
2012-02-21,11,24,14,25,29,11,7,461
2012-02-17,11,4,47,28,38,11,10,460
2012-02-14,36,14,42,46,27,11,8,459
2012-02-10,3,14,31,41,8,7,11,458
2012-02-07,15,3,17,33,28,2,4,457
2012-02-03,16,20,19,25,28,1,10,456
2012-01-31,43,34,38,9,45,4,2,455
2012-01-27,10,19,44,13,39,6,2,454
2012-01-24,1,20,6,2,36,11,8,453
2012-01-20,10,28,27,2,22,8,6,452
2012-01-17,12,44,22,30,31,5,6,451
2012-01-13,39,13,21,14,27,8,6,450
2012-01-10,9,4,30,10,40,9,2,449
2012-01-06,1,6,10,31,12,7,2,448
2012-01-03,42,30,45,3,49,5,10,447
2011-12-30,36,44,43,16,50,8,7,446
2011-12-27,26,21,25,19,44,7,3,445
2011-12-23,22,7,24,28,21,1,11,444
2011-12-20,14,48,1,9,12,7,1,443
2011-12-16,10,2,23,31,5,5,2,442
2011-12-13,12,37,18,33,7,1,11,441
2011-12-09,21,12,47,44,29,2,1,440
2011-12-06,34,21,20,38,19,9,3,439
2011-12-02,27,40,7,43,30,9,8,438
2011-11-29,25,50,11,45,41,7,2,437
2011-11-25,34,14,26,19,28,5,8,436
2011-11-22,16,40,38,24,18,2,4,435
2011-11-18,39,44,24,4,12,2,4,434
2011-11-15,47,17,22,6,45,3,11,433
2011-11-11,30,18,1,4,23,3,7,432
2011-11-08,40,15,4,29,1,1,5,431
2011-11-04,41,50,11,43,14,9,2,430
2011-11-01,20,45,23,14,46,1,11,429
2011-10-28,39,16,20,17,50,4,8,428
2011-10-25,39,28,22,12,27,4,10,427
2011-10-21,37,19,2,33,46,5,8,426
2011-10-18,46,18,37,48,23,2,10,425
2011-10-14,47,23,12,29,32,3,5,424
2011-10-11,12,16,4,1,48,9,10,423
2011-10-07,42,34,18,38,26,8,5,422
2011-10-04,14,16,23,45,38,8,11,421
2011-09-30,28,15,44,31,5,1,6,420
2011-09-27,28,18,40,27,35,3,5,419
2011-09-23,6,33,48,14,34,6,2,418
2011-09-20,25,38,19,9,36,11,7,417
2011-09-16,39,2,42,17,8,3,10,416
2011-09-13,28,32,49,9,30,9,10,415
2011-09-09,21,5,34,31,28,2,1,414
2011-09-06,42,35,50,48,47,9,8,413
2011-09-02,37,12,26,38,44,4,7,412
2011-08-30,46,8,2,10,19,5,9,411
2011-08-26,25,45,22,33,12,5,7,410
2011-08-23,42,50,6,14,4,2,4,409
2011-08-19,16,6,31,28,14,11,2,408
2011-08-16,45,18,1,13,17,8,3,407
2011-08-12,7,20,37,10,27,7,4,406
2011-08-09,36,24,34,7,23,11,8,405
2011-08-05,34,32,18,14,13,1,10,404
2011-08-02,8,33,14,24,5,8,3,403
2011-07-29,37,38,19,27,12,5,10,402
2011-07-26,5,1,25,48,22,11,3,401
2011-07-22,4,50,15,49,23,2,6,400
2011-07-19,16,3,25,35,26,5,9,399
2011-07-15,26,6,33,39,34,3,4,398
2011-07-12,19,17,42,45,38,9,10,397
2011-07-08,12,13,40,49,23,7,10,396
2011-07-05,28,47,29,11,49,5,1,395
2011-07-01,11,23,31,8,46,9,8,394
2011-06-28,16,15,44,30,50,3,2,393
2011-06-24,41,20,5,30,16,11,6,392
2011-06-21,49,50,20,17,35,4,3,391
2011-06-17,11,22,21,16,44,8,3,390
2011-06-14,41,19,48,5,12,8,10,389
2011-06-10,37,20,3,48,19,8,11,388
2011-06-07,25,38,40,6,36,10,4,387
2011-06-03,49,40,50,39,4,2,5,386
2011-05-31,22,9,10,50,1,11,5,385
2011-05-27,28,9,49,25,17,9,8,384
2011-05-24,16,23,24,29,26,2,9,383
2011-05-20,42,25,10,20,14,8,11,382
2011-05-17,37,20,21,45,46,3,2,381
2011-05-13,17,47,11,36,9,2,1,380
2011-05-10,28,3,45,10,15,7,5,379
2011-05-06,28,16,20,22,11,4,9,378
2011-04-29,38,40,25,15,41,1,2,377
2011-04-22,22,45,48,11,36,1,4,376
2011-04-15,4,41,6,21,39,2,6,375
2011-04-08,21,47,23,38,50,6,2,374
2011-04-01,17,33,22,21,4,4,8,373
2011-03-25,12,21,6,33,27,7,3,372
2011-03-18,50,13,26,1,20,7,6,371
2011-03-11,17,24,37,19,46,2,7,370
2011-03-04,28,41,25,11,27,8,5,369
2011-02-25,42,45,13,48,12,3,9,368
2011-02-18,45,3,49,15,2,9,5,367
2011-02-11,15,14,12,19,23,7,8,366
2011-02-04,47,35,11,2,24,5,9,365
2011-01-28,41,24,23,42,13,5,1,364
2011-01-21,21,11,13,3,18,5,4,363
2011-01-14,44,2,24,14,39,7,6,362
2011-01-07,32,22,1,48,50,7,6,361
2010-12-31,2,24,43,38,34,1,7,360
2010-12-24,46,19,42,36,38,8,2,359
2010-12-17,3,35,29,42,20,3,8,358
2010-12-10,46,2,10,3,33,8,7,357
2010-12-03,28,32,46,8,19,4,7,356
2010-11-26,9,41,36,49,28,7,5,355
2010-11-19,36,12,15,45,32,9,7,354
2010-11-12,23,47,7,19,29,6,1,353
2010-11-05,21,23,33,50,40,5,4,352
2010-10-29,32,22,16,42,20,8,9,351
2010-10-22,4,5,9,11,39,3,5,350
2010-10-15,38,31,2,36,43,7,3,349
2010-10-08,46,35,39,30,9,6,8,348
2010-10-01,1,4,6,27,48,1,6,347
2010-09-24,1,4,16,40,48,1,9,346
2010-09-17,50,27,38,17,29,3,1,345
2010-09-10,35,41,21,45,17,5,1,344
2010-09-03,24,49,47,26,13,4,8,343
2010-08-27,13,6,30,1,49,1,9,342
2010-08-20,27,31,5,42,40,6,1,341
2010-08-13,15,9,47,21,4,7,2,340
2010-08-06,42,28,13,29,25,4,5,339
2010-07-30,39,11,3,4,28,8,2,338
2010-07-23,4,13,37,35,46,9,3,337
2010-07-16,49,46,45,39,38,7,8,336
2010-07-09,37,9,49,24,39,3,9,335
2010-07-02,46,41,36,13,12,8,1,334
2010-06-25,18,1,8,28,31,9,8,333
2010-06-18,2,29,31,38,32,4,1,332
2010-06-11,44,2,36,22,24,2,1,331
2010-06-04,34,42,17,40,4,9,4,330
2010-05-28,4,9,31,32,33,3,7,329
2010-05-21,38,19,50,7,30,4,7,328
2010-05-14,17,31,43,47,1,3,2,327
2010-05-07,15,21,6,3,32,7,9,326
2010-04-30,6,36,22,25,24,3,8,325
2010-04-23,46,3,7,8,43,6,8,324
2010-04-16,17,11,26,40,9,9,3,323
2010-04-09,44,23,24,21,7,3,4,322
2010-04-02,26,18,12,24,45,5,4,321
2010-03-26,8,16,18,37,43,2,6,320
2010-03-19,38,28,30,39,10,7,2,319
2010-03-12,46,1,26,36,33,7,6,318
2010-03-05,19,18,49,12,43,9,3,317
2010-02-26,42,11,29,7,18,7,6,316
2010-02-19,37,12,38,31,43,3,2,315
2010-02-12,5,45,1,38,18,6,4,314
2010-02-05,46,38,34,35,39,3,4,313
2010-01-29,39,43,30,17,9,7,5,312
2010-01-22,4,44,27,22,36,9,7,311
2010-01-15,49,50,26,29,11,4,7,310
2010-01-08,44,5,14,4,46,9,8,309
2010-01-01,22,24,27,36,9,7,5,308
2009-12-25,4,17,5,34,14,5,3,307
2009-12-18,49,30,35,32,14,8,3,306
2009-12-11,41,43,44,46,20,2,9,305
2009-12-04,25,30,19,18,44,3,1,304
2009-11-27,33,15,13,5,8,8,9,303
2009-11-20,5,9,28,43,47,2,9,302
2009-11-13,15,25,32,26,13,4,3,301
2009-11-06,19,43,45,34,11,5,9,300
2009-10-30,9,33,35,38,40,2,6,299
2009-10-23,6,18,20,29,31,2,8,298
2009-10-16,23,30,31,47,12,3,4,297
2009-10-09,29,11,46,7,50,4,7,296
2009-10-02,44,29,24,23,22,5,1,295
2009-09-25,6,17,18,21,34,3,9,294
2009-09-18,30,16,41,38,6,2,4,293
2009-09-11,42,15,12,35,43,6,4,292
2009-09-04,20,39,6,9,38,9,3,291
2009-08-28,37,41,49,36,8,7,5,290
2009-08-21,16,42,31,7,4,5,3,289
2009-08-14,5,8,24,30,49,3,9,288
2009-08-07,22,10,31,24,20,7,2,287
2009-07-31,26,9,20,21,5,6,3,286
2009-07-24,15,47,35,25,14,9,5,285
2009-07-17,2,8,17,32,50,3,7,284
2009-07-10,42,20,6,16,46,1,6,283
2009-07-03,29,47,46,34,21,6,8,282
2009-06-26,21,6,11,39,30,8,2,281
2009-06-19,4,16,17,20,29,5,7,280
2009-06-12,50,14,6,16,34,6,4,279
2009-06-05,11,19,26,35,40,2,5,278
2009-05-29,30,47,2,37,5,6,3,277
2009-05-22,4,13,14,33,43,1,6,276
2009-05-15,8,18,19,20,42,5,9,275
2009-05-08,4,23,24,29,31,8,9,274
2009-05-01,38,47,31,19,5,3,5,273
2009-04-24,21,4,24,14,41,5,8,272
2009-04-17,4,7,21,44,47,1,5,271
2009-04-10,9,14,16,37,46,2,4,270
2009-04-03,2,20,24,32,46,1,9,269
2009-03-27,25,33,36,38,42,6,7,268
2009-03-20,12,16,23,31,35,4,6,267
2009-03-13,36,42,26,12,24,1,4,266
2009-03-06,13,35,25,17,19,5,6,265
2009-02-27,9,44,5,37,45,9,6,264
2009-02-20,13,48,9,12,14,1,2,263
2009-02-13,33,36,40,22,42,1,2,262
2009-02-06,36,30,20,40,10,3,5,261
2009-01-30,4,34,35,46,29,5,8,260
2009-01-23,36,49,33,40,32,2,8,259
2009-01-16,50,22,17,3,49,3,6,258
2009-01-09,22,7,15,28,48,4,1,257
2009-01-02,48,30,29,37,36,1,6,256
2008-12-26,44,26,2,1,50,1,7,255
2008-12-19,29,50,46,28,40,5,7,254
2008-12-12,2,19,42,28,49,7,2,253
2008-12-05,35,8,21,45,4,5,8,252
2008-11-28,8,25,11,41,16,4,2,251
2008-11-21,50,49,21,9,14,8,3,250
2008-11-14,14,26,10,8,21,4,3,249
2008-11-07,9,1,17,12,18,3,4,248
2008-10-31,34,25,3,41,18,5,2,247
2008-10-24,45,7,15,16,17,6,9,246
2008-10-17,50,12,10,3,42,1,5,245
2008-10-10,15,31,22,4,41,6,1,244
2008-10-03,4,38,13,19,23,2,3,243
2008-09-26,31,29,33,14,37,2,1,242
2008-09-19,14,16,19,31,20,9,6,241
2008-09-12,23,33,37,19,50,7,3,240
2008-09-05,17,12,39,16,7,3,8,239
2008-08-29,2,20,37,25,39,8,5,238
2008-08-22,50,27,29,39,7,7,5,237
2008-08-15,18,11,17,26,31,6,5,236
2008-08-08,15,5,16,45,4,7,4,235
2008-08-01,25,40,22,50,1,1,8,234
2008-07-25,29,7,15,24,11,7,2,233
2008-07-18,16,14,44,10,29,6,5,232
2008-07-11,37,19,11,13,9,3,4,231
2008-07-04,19,22,48,7,27,7,5,230
2008-06-27,20,44,5,50,26,5,7,229
2008-06-20,11,8,36,37,45,3,5,228
2008-06-13,16,37,44,50,13,9,1,227
2008-06-06,21,40,19,50,7,2,9,226
2008-05-30,14,20,49,7,5,8,2,225
2008-05-23,5,38,9,19,21,1,7,224
2008-05-16,6,38,9,25,15,4,9,223
2008-05-09,8,9,42,40,45,7,6,222
2008-05-02,26,48,45,37,2,8,4,221
2008-04-25,4,30,26,19,27,8,3,220
2008-04-18,27,6,7,50,3,5,9,219
2008-04-11,50,30,25,45,6,5,7,218
2008-04-04,18,37,47,13,11,6,1,217
2008-03-28,39,9,29,5,17,3,6,216
2008-03-21,10,2,22,18,36,6,4,215
2008-03-14,13,48,35,21,25,4,8,214
2008-03-07,14,17,7,35,2,6,1,213
2008-02-29,37,47,49,40,12,9,2,212
2008-02-22,46,50,4,27,32,8,9,211
2008-02-15,27,45,12,29,46,7,4,210
2008-02-08,17,38,28,44,30,1,4,209
2008-02-01,30,49,45,47,22,4,9,208
2008-01-25,2,19,9,45,6,7,8,207
2008-01-18,46,40,16,14,23,8,4,206
2008-01-11,24,36,50,8,49,4,8,205
2008-01-04,41,24,10,12,25,3,5,204
2007-12-28,45,31,20,22,21,9,7,203
2007-12-21,37,7,44,28,9,7,6,202
2007-12-14,8,30,36,25,44,4,3,201
2007-12-07,48,43,4,2,32,1,7,200
2007-11-30,38,20,12,19,30,9,7,199
2007-11-23,22,2,48,29,10,9,3,198
2007-11-16,23,18,33,37,9,1,8,197
2007-11-09,14,25,36,5,22,6,5,196
2007-11-02,40,16,3,19,18,2,1,195
2007-10-26,20,7,38,40,43,8,1,194
2007-10-19,7,18,34,35,40,7,8,193
2007-10-12,36,47,21,32,46,3,4,192
2007-10-05,20,27,35,44,11,5,2,191
2007-09-28,22,34,44,30,35,4,5,190
2007-09-21,35,37,17,1,32,8,1,189
2007-09-14,33,29,5,9,11,7,9,188
2007-09-07,42,3,34,2,33,5,3,187
2007-08-31,22,37,23,18,6,6,5,186
2007-08-24,16,3,42,1,48,2,3,185
2007-08-17,2,13,42,3,38,7,8,184
2007-08-10,40,43,49,42,23,6,2,183
2007-08-03,41,33,37,30,10,1,8,182
2007-07-27,4,29,21,1,41,8,7,181
2007-07-20,50,26,10,21,25,9,4,180
2007-07-13,13,9,31,15,48,6,3,179
2007-07-06,39,41,4,19,5,9,8,178
2007-06-29,28,8,33,45,12,1,3,177
2007-06-22,22,17,16,11,34,5,6,176
2007-06-15,5,14,40,7,21,3,8,175
2007-06-08,15,17,25,45,1,8,2,174
2007-06-01,22,41,42,37,6,6,9,173
2007-05-25,49,26,50,29,25,8,7,172
2007-05-18,49,37,34,26,39,2,6,171
2007-05-11,12,26,49,7,29,6,2,170
2007-05-04,17,41,35,6,45,1,5,169
2007-04-27,44,18,7,36,27,1,2,168
2007-04-20,41,26,32,45,23,3,7,167
2007-04-13,20,41,38,7,25,3,7,166
2007-04-06,41,48,29,23,15,6,3,165
2007-03-30,19,9,46,17,41,1,8,164
2007-03-23,43,17,5,40,13,3,1,163
2007-03-16,45,4,31,49,14,9,4,162
2007-03-09,43,25,3,2,48,9,6,161
2007-03-02,3,16,48,34,38,8,5,160
2007-02-23,20,2,22,18,15,5,2,159
2007-02-16,19,39,20,50,8,6,9,158
2007-02-09,36,16,46,30,14,8,2,157
2007-02-02,36,14,27,23,30,1,6,156
2007-01-26,38,11,23,15,30,4,9,155
2007-01-19,27,5,13,33,42,4,2,154
2007-01-12,14,8,25,19,11,3,5,153
2007-01-05,17,45,36,29,19,6,5,152
2006-12-29,14,9,6,13,35,3,4,151
2006-12-22,20,11,43,9,38,2,3,150
2006-12-15,35,37,9,42,23,3,7,149
2006-12-08,47,36,17,16,18,1,2,148
2006-12-01,16,37,8,41,4,2,5,147
2006-11-24,8,5,40,25,17,5,1,146
2006-11-17,36,12,33,22,32,2,6,145
2006-11-10,36,30,14,27,21,2,3,144
2006-11-03,13,11,44,24,49,9,3,143
2006-10-27,3,50,44,4,8,8,7,142
2006-10-20,10,34,47,19,45,6,3,141
2006-10-13,2,32,38,41,25,5,3,140
2006-10-06,5,35,11,22,38,7,8,139
2006-09-29,1,3,24,6,18,5,8,138
2006-09-22,30,45,49,29,10,8,3,137
2006-09-15,10,49,26,6,16,7,9,136
2006-09-08,12,10,32,33,1,8,1,135
2006-09-01,25,50,7,45,3,9,6,134
2006-08-25,47,10,28,48,40,8,6,133
2006-08-18,37,40,50,12,39,1,2,132
2006-08-11,47,31,46,28,27,5,2,131
2006-08-04,26,15,32,14,1,7,3,130
2006-07-28,3,43,29,8,12,6,7,129
2006-07-21,50,4,38,2,9,8,6,128
2006-07-14,1,31,7,17,36,8,2,127
2006-07-07,35,9,7,43,18,7,5,126
2006-06-30,16,6,15,40,43,1,2,125
2006-06-23,44,30,9,21,43,9,1,124
2006-06-16,26,36,1,16,30,9,3,123
2006-06-09,3,34,39,15,12,4,6,122
2006-06-02,41,7,48,27,8,6,1,121
2006-05-26,21,41,12,2,49,3,7,120
2006-05-19,49,34,25,3,5,8,5,119
2006-05-12,23,5,20,34,50,1,5,118
2006-05-05,8,50,16,4,14,9,3,117
2006-04-28,17,5,33,22,10,7,5,116
2006-04-21,46,1,22,20,37,1,9,115
2006-04-14,34,35,26,16,49,6,2,114
2006-04-07,13,12,29,50,44,4,5,113
2006-03-31,50,3,45,20,31,7,6,112
2006-03-24,17,47,28,33,35,4,9,111
2006-03-17,50,44,5,45,32,7,1,110
2006-03-10,1,33,21,45,49,4,8,109
2006-03-03,5,44,10,8,3,3,5,108
2006-02-24,18,19,1,47,11,7,3,107
2006-02-17,4,23,38,24,26,4,2,106
2006-02-10,5,38,6,48,50,6,7,105
2006-02-03,30,39,9,21,50,3,1,104
2006-01-27,9,21,15,40,49,4,1,103
2006-01-20,15,12,50,33,44,6,2,102
2006-01-13,12,19,33,34,8,1,6,101
2006-01-06,6,26,14,9,2,4,5,100
2005-12-30,19,45,43,8,16,1,4,99
2005-12-23,31,42,37,36,15,1,7,98
2005-12-16,2,18,3,15,32,7,6,97
2005-12-09,11,42,38,35,18,1,5,96
2005-12-02,1,30,20,9,23,4,7,95
2005-11-25,27,39,47,6,1,6,1,94
2005-11-18,34,17,18,48,25,3,2,93
2005-11-11,41,16,36,42,15,5,3,92
2005-11-04,38,42,36,37,26,2,6,91
2005-10-28,14,50,47,44,36,3,5,90
2005-10-21,1,14,19,29,33,1,8,89
2005-10-14,10,19,11,23,20,6,1,88
2005-10-07,2,13,21,26,44,3,9,87
2005-09-30,6,11,47,48,50,1,6,86
2005-09-23,1,31,34,26,47,4,9,85
2005-09-16,19,38,12,13,21,3,9,84
2005-09-09,31,12,50,19,8,7,6,83
2005-09-02,43,3,4,50,14,3,6,82
2005-08-26,29,35,40,41,9,6,1,81
2005-08-19,41,29,11,24,31,3,1,80
2005-08-12,37,23,40,15,30,7,9,79
2005-08-05,21,11,2,22,30,4,6,78
2005-07-29,50,3,19,49,26,5,4,77
2005-07-22,49,14,41,3,48,1,4,76
2005-07-15,42,23,1,11,12,6,3,75
2005-07-08,42,46,36,35,49,8,2,74
2005-07-01,23,28,5,4,25,3,4,73
2005-06-24,6,15,8,14,45,7,8,72
2005-06-17,8,4,10,21,18,7,1,71
2005-06-10,37,32,47,7,6,7,1,70
2005-06-03,8,11,3,17,50,5,1,69
2005-05-27,50,48,31,2,24,9,4,68
2005-05-20,28,6,47,7,13,8,5,67
2005-05-13,12,40,31,17,32,9,2,66
2005-05-06,44,21,12,7,26,6,8,65
2005-04-29,42,35,9,3,39,1,8,64
2005-04-22,13,10,24,47,3,9,5,63
2005-04-15,6,31,42,38,28,9,3,62
2005-04-08,31,50,25,11,7,3,1,61
2005-04-01,26,44,47,25,41,3,7,60
2005-03-25,4,29,33,37,38,6,9,59
2005-03-18,48,39,23,6,43,5,7,58
2005-03-11,40,12,43,23,8,1,4,57
2005-03-04,12,32,37,39,24,7,9,56
2005-02-25,43,3,27,44,30,8,4,55
2005-02-18,32,46,20,21,26,8,9,54
2005-02-11,11,13,25,32,50,7,4,53
2005-02-04,11,1,40,30,8,7,8,52
2005-01-28,26,21,7,43,45,5,7,51
2005-01-21,12,14,10,26,24,8,5,50
2005-01-14,11,14,29,6,19,3,1,49
2005-01-07,50,27,47,3,23,3,2,48
2004-12-31,8,7,47,25,24,8,9,47
2004-12-24,3,27,29,4,37,6,5,46
2004-12-17,49,22,19,15,46,9,2,45
2004-12-10,3,13,43,1,16,7,2,44
2004-12-03,15,42,11,1,49,4,3,43
2004-11-26,24,1,34,4,36,8,6,42
2004-11-19,37,29,34,18,1,6,2,41
2004-11-12,12,13,4,32,11,9,3,40
2004-11-05,25,42,49,19,6,1,7,39
2004-10-29,32,1,38,35,8,9,4,38
2004-10-22,9,25,1,40,23,3,9,37
2004-10-15,37,21,14,43,22,5,8,36
2004-10-08,12,10,48,1,16,2,6,35
2004-10-01,48,20,45,21,12,6,5,34
2004-09-24,48,21,26,27,44,1,7,33
2004-09-17,41,39,15,18,29,8,5,32
2004-09-10,5,38,36,25,33,5,2,31
2004-09-03,14,12,15,34,8,7,6,30
2004-08-27,28,1,44,22,11,1,9,29
2004-08-20,27,10,35,9,6,6,8,28
2004-08-13,20,27,41,43,50,5,8,27
2004-08-06,5,35,44,15,24,6,5,26
2004-07-30,50,10,9,19,37,6,1,25
2004-07-23,10,27,7,34,31,8,3,24
2004-07-16,26,50,31,24,38,8,5,23
2004-07-09,44,19,5,12,2,8,9,22
2004-07-02,4,28,24,23,34,1,3,21
2004-06-25,30,21,35,3,34,1,2,20
2004-06-18,28,2,40,23,43,6,2,19
2004-06-11,7,2,47,10,8,1,7,18
2004-06-04,41,42,34,13,9,7,3,17
2004-05-28,41,44,6,35,11,6,5,16
2004-05-21,37,39,29,15,49,4,9,15
2004-05-14,32,3,1,39,21,2,6,14
2004-05-07,38,36,15,16,21,1,5,13
2004-04-30,27,16,6,5,23,7,6,12
2004-04-23,45,21,6,49,10,5,3,11
2004-04-16,28,40,14,15,35,3,1,10
2004-04-09,23,19,10,1,4,2,8,9
2004-04-02,4,24,12,36,27,2,9,8
2004-03-26,23,43,3,4,10,2,4,7
2004-03-19,42,45,33,37,36,9,4,6
2004-03-12,44,47,15,28,24,4,5,5
2004-03-05,39,37,4,7,33,5,1,4
2004-02-27,37,19,18,14,31,5,4,3
2004-02-20,13,50,47,7,39,2,5,2
2004-02-13,32,16,29,41,36,9,7,1
